,suburb,address name
0,Valery,Alfords Trail
1,Valery,Ayres Rock Road
2,Valery,Baileys Road
3,Valery,Bamboo Road
4,Valery,Beanz Trail
5,Valery,Block Nob Road
6,Valery,Box Trees Road
7,Valery,Briggenshaws Road
8,Valery,Bucket Trail
9,Valery,Burkes Road
10,Valery,Byrnes Trail
11,Valery,Cabans Road
12,Valery,Cabbage Tree Road
13,Valery,Cable Trail
14,Valery,Caines Hill Trail
15,Valery,Capararos Road
16,Valery,Caseys Road
17,Valery,Chimney Road
18,Valery,Cpt 33/1 Trail
19,Valery,Cpt 34/1 Fire Road
20,Valery,Cpt 36/1 Trail
21,Valery,Cpt 36/2 Trail
22,Valery,Cpt 36/3 Trail
23,Valery,Cpt 36/4 Fire Road
24,Valery,Cpt 40/1 Trail
25,Valery,Cpt 40/2 Trail
26,Valery,Cpt 41/1 Fire Road
27,Valery,Cpt 42/1 Firetrail
28,Valery,Cpt 43/1 Trail
29,Valery,Cpt 44/1 Trail
30,Valery,Cpt 45/1 Trail
31,Valery,Cpt 45/2 Trail
32,Valery,Cpt 47/5 Trail
33,Valery,Cpt 47/5 Fire Road
34,Valery,Cpt 64/1 Trail
35,Valery,Cpt 69/1 Trail
36,Valery,Cpt 77/1 Trail
37,Valery,Crawfords Road
38,Valery,Crossmaglen Road
39,Valery,Dalray Trail
40,Valery,Darkys Corner Road
41,Valery,Devos Trail
42,Valery,Flying Fox Trail
43,Valery,Frontage Creek Road
44,Valery,Fullers Road
45,Valery,Godfreys Road
46,Valery,Gordons Road
47,Valery,Granite Pit Road
48,Valery,Griffiths Trail
49,Valery,Halls Road
50,Valery,Hamiltons Road
51,Valery,Hammonds Road
52,Valery,Harrys Road
53,Valery,Heinzs Trail
54,Valery,Hoop Pine Trail
55,Valery,Howards Road
56,Valery,Hubbards Peak Trail
57,Valery,Hydes Creek Road
58,Valery,Keevers Drive
59,Valery,Kethels Road
60,Valery,Little Hydes Creek Road
61,Valery,Mailmans Track Road
62,Valery,Mcmullens Road
63,Valery,Mill Road
64,Valery,Nanbervis Trail
65,Valery,Neaves Trail
66,Valery,Northcotts Trail
67,Valery,Old Bar Road
68,Valery,Olgas Road
69,Valery,Pacific Highway
70,Valery,Passlows Trail
71,Valery,Peak Trail
72,Valery,Pettits Hills 
73,Valery,Piggots Trail
74,Valery,Potties Bridge Trail
75,Valery,Powerline Trail
76,Valery,Reids Trail
77,Valery,Rigneys Trail
78,Valery,Roachs Road
79,Valery,Savins Road
80,Valery,Seaview Road
81,Valery,Shearems Trail
82,Valery,Slarkes Road
83,Valery,Suttons Road
84,Valery,Terrys Trail
85,Valery,Timboon Road
86,Valery,Tower Road
87,Valery,Valery Road
88,Valery,Warwicks Road
89,Valery,Whipstick Trail
90,Valery,Winters Road
91,Valley Heights,Angophora Place
92,Valley Heights,Banksia Drive
93,Valley Heights,Cambridge Street
94,Valley Heights,Cassam Place
95,Valley Heights,Coolabah Road
96,Valley Heights,Currawong Avenue
97,Valley Heights,Foster Street
98,Valley Heights,Great Western Highway
99,Valley Heights,Green Parade
100,Valley Heights,Grevillea Path
101,Valley Heights,Jordan Lane
102,Valley Heights,Macquarie Road
103,Valley Heights,Peninsula Road
104,Valley Heights,Railway Parade
105,Valley Heights,Russell Avenue
106,Valley Heights,Tayler Road
107,Valley Heights,The Avenue 
108,Valley Heights,The Chase 
109,Valley Heights,The Valley Road 
110,Valley Heights,Tree Tops Place
111,Valley Heights,Tusculum Road
112,Valley Heights,Waratah Road
113,Valley Heights,Wyoming Avenue
114,Vittoria,Arboretum Drive
115,Vittoria,Callans Lane
116,Vittoria,Cashens Lane
117,Vittoria,Dungeon Road
118,Vittoria,East Guyong Road
119,Vittoria,Farm Trees Drive
120,Vittoria,Gardiners Road
121,Vittoria,Garveys Lane
122,Vittoria,Koomoorang Road
123,Vittoria,Macquarie Woods Drive
124,Vittoria,Martin Bird Lane
125,Vittoria,Mitchell Highway
126,Vittoria,Northern Forest Drive
127,Vittoria,Oakey Creek Lane
128,Vittoria,Southern Forest Drive
129,Vittoria,Vittoria Road
130,Vineyard,Andrew Thompson Drive
131,Vineyard,Ashford Road
132,Vineyard,Bandon Road
133,Vineyard,Bismarck Street
134,Vineyard,Blackwood Road
135,Vineyard,Bocks Road
136,Vineyard,Boundary Road
137,Vineyard,Brennan Dam Road
138,Vineyard,Brisbane Road
139,Vineyard,Broos Road
140,Vineyard,Bruce Road
141,Vineyard,Camberwell Road
142,Vineyard,Chapman Road
143,Vineyard,Clyde Street
144,Vineyard,Commercial Road
145,Vineyard,Curtis Road
146,Vineyard,Dulwich Road
147,Vineyard,Glenidol Road
148,Vineyard,Groves Avenue
149,Vineyard,Hamilton Street
150,Vineyard,Harkness Road
151,Vineyard,Henry Road
152,Vineyard,Industry Road
153,Vineyard,Latona Avenue
154,Vineyard,Level Crossing Road
155,Vineyard,Mcgrath Road
156,Vineyard,Menin Road
157,Vineyard,Mountain View Close
158,Vineyard,Norwood Road
159,Vineyard,O'connell Street
160,Vineyard,O'dell Street
161,Vineyard,Old Hawkesbury Road
162,Vineyard,Old Stock Route Road
163,Vineyard,Otago Street
164,Vineyard,Park Road
165,Vineyard,Perth Street
166,Vineyard,Precision Place
167,Vineyard,Putland Place
168,Vineyard,Railway Road
169,Vineyard,Riverstone Parade
170,Vineyard,Rob Place
171,Vineyard,St James Road
172,Vineyard,Union Street
173,Vineyard,Victoria Street
174,Vineyard,Wallace Road
175,Vineyard,Windsor Road
176,Vineyard,Winford Drive
177,Verona,Dummett Jessops Road
178,Verona,Gilberts Road
179,Verona,Horelacys Road
180,Verona,Illawambra Trail
181,Verona,Israels Road
182,Verona,Lambrook Trail
183,Verona,Lambrook Lane
184,Verona,Murrabrine Firetrail
185,Verona,Murrabrine Mountain Trail
186,Verona,Quinlans Road
187,Verona,Ringlands Road
188,Verona,Terlichs Road
189,Verona,The Duckhouse Trail 
190,Verona,Upper Brogo Road
191,Verona,Verona Road
192,Villawood,Alcoomie Street
193,Villawood,Allowrie Road
194,Villawood,Belar Avenue
195,Villawood,Belmore Street
196,Villawood,Bennett Street
197,Villawood,Bent Street
198,Villawood,Biloela Street
199,Villawood,Binna Burra Street
200,Villawood,Birmingham Avenue
201,Villawood,Bligh Street
202,Villawood,Camira Street
203,Villawood,Carawatha Street
204,Villawood,Christina Road
205,Villawood,Coolalie Street
206,Villawood,Curringa Road
207,Villawood,Denison Street
208,Villawood,Derribong Street
209,Villawood,Elm Street
210,Villawood,Epic Place
211,Villawood,Goonaroi Street
212,Villawood,Goondah Street
213,Villawood,Gundaroo Street
214,Villawood,Gurrawillie Street
215,Villawood,Hillcrest Avenue
216,Villawood,Hilwa Street
217,Villawood,Howatt Street
218,Villawood,Hume Highway
219,Villawood,Inglebar Street
220,Villawood,Kamira Court
221,Villawood,Kamira Avenue
222,Villawood,Karella Avenue
223,Villawood,Killanoola Street
224,Villawood,Kirrang Avenue
225,Villawood,Koonawarra Street
226,Villawood,Koonoona Avenue
227,Villawood,Koorinda Avenue
228,Villawood,Kungala Street
229,Villawood,Llewellyn Avenue
230,Villawood,Lowana Street
231,Villawood,Mandarin Street
232,Villawood,Marple Avenue
233,Villawood,Miller Road
234,Villawood,Monier Square
235,Villawood,Mundamatta Street
236,Villawood,Nurragi Street
237,Villawood,River Avenue
238,Villawood,Shaddock Avenue
239,Villawood,Sir Thomas Mitchell Road
240,Villawood,Tangerine Street
241,Villawood,The Horsley Drive 
242,Villawood,Tuncoee Road
243,Villawood,Urana Street
244,Villawood,Villawood Road
245,Villawood,Villawood Place
246,Villawood,Warilda Street
247,Villawood,Wattle Avenue
248,Villawood,Woodville Road
249,Villawood,Yugilbar Avenue
250,Villawood,Yunga Burra Street
251,Vaucluse,Ashgate Avenue
252,Vaucluse,Bayview Hill Road
253,Vaucluse,Beach Avenue
254,Vaucluse,Belah Avenue
255,Vaucluse,Belah Gardens
256,Vaucluse,Bell Street
257,Vaucluse,Billong Avenue
258,Vaucluse,Black Street
259,Vaucluse,Boambillee Avenue
260,Vaucluse,Burge Street
261,Vaucluse,Burrabirra Avenue
262,Vaucluse,Cambridge Avenue
263,Vaucluse,Captain Pipers Road
264,Vaucluse,Carrara Road
265,Vaucluse,Cecil Road
266,Vaucluse,Central Avenue
267,Vaucluse,Chamberlain Avenue
268,Vaucluse,Chapel Road
269,Vaucluse,Chris Bang Crescent
270,Vaucluse,Clairvaux Road
271,Vaucluse,Clarendon Street
272,Vaucluse,Clarke Street
273,Vaucluse,Coolong Road
274,Vaucluse,Craig Avenue
275,Vaucluse,Dalley Avenue
276,Vaucluse,Davies Avenue
277,Vaucluse,Derby Street
278,Vaucluse,Diamond Bay Road
279,Vaucluse,Ethel Street
280,Vaucluse,Fisher Avenue
281,Vaucluse,Fitzwilliam Road
282,Vaucluse,Georges Road
283,Vaucluse,Gilliver Avenue
284,Vaucluse,Girilang Avenue
285,Vaucluse,Gladstone Street
286,Vaucluse,Graylind Place
287,Vaucluse,Greycliffe Avenue
288,Vaucluse,Hay Street
289,Vaucluse,Hermitage Foreshore Walk
290,Vaucluse,Hillside Avenue
291,Vaucluse,Hood Place
292,Vaucluse,Hopetoun Avenue
293,Vaucluse,Horler Avenue
294,Vaucluse,Isabel Avenue
295,Vaucluse,Jensen Avenue
296,Vaucluse,Jesmond Avenue
297,Vaucluse,John Dykes Avenue
298,Vaucluse,Keele Street
299,Vaucluse,Kimberley Street
300,Vaucluse,Kings Road
301,Vaucluse,Laguna Street
302,Vaucluse,Little Queens Lane
303,Vaucluse,Loch Maree Place
304,Vaucluse,Macarthur King Place
305,Vaucluse,Macdonald Street
306,Vaucluse,Macquarie Road
307,Vaucluse,Marine Parade
308,Vaucluse,Marne Street
309,Vaucluse,Military Road
310,Vaucluse,Mons Street
311,Vaucluse,Moore Street
312,Vaucluse,Myall Avenue
313,Vaucluse,New South Head Road
314,Vaucluse,Norton Avenue
315,Vaucluse,Nulla Street
316,Vaucluse,Nurran Road
317,Vaucluse,Oceanview Avenue
318,Vaucluse,Old South Head Road
319,Vaucluse,Olola Avenue
320,Vaucluse,Olphert Avenue
321,Vaucluse,Palmerston Street
322,Vaucluse,Parsley Road
323,Vaucluse,Parsley Bay Brace
324,Vaucluse,Petrarch Avenue
325,Vaucluse,Princes Avenue
326,Vaucluse,Queens Avenue
327,Vaucluse,Ray Avenue
328,Vaucluse,Ray Street
329,Vaucluse,Russell Street
330,Vaucluse,Sassafras Lane
331,Vaucluse,Serpentine Parade
332,Vaucluse,Stanley Street
333,Vaucluse,St Michaels Place
334,Vaucluse,The Crescent 
335,Vaucluse,Tingara Avenue
336,Vaucluse,Tower Street
337,Vaucluse,Towns Road
338,Vaucluse,Vaucluse Road
339,Vaucluse,Village High Road
340,Vaucluse,Village Lower Road
341,Vaucluse,Wentworth Road
342,Vaucluse,Wharf Road
343,Vaucluse,Wilfield Avenue
344,Vaucluse,Young Street
345,Via Dungog,Alison Road
346,Via Dungog,Clarence Town Road
347,Via Dungog,Dungog Road
348,Valentine,Aberdeen Drive
349,Valentine,Agincourt Crescent
350,Valentine,Albert Street
351,Valentine,Allambee Place
352,Valentine,Andrew Road
353,Valentine,Angophora Way
354,Valentine,Arbutus Street
355,Valentine,Arundel Place
356,Valentine,Baron Close
357,Valentine,Berringar Road
358,Valentine,Buckingham Street
359,Valentine,Camelot Close
360,Valentine,Captains Cove
361,Valentine,Cavalier Crescent
362,Valentine,Cedrus Close
363,Valentine,Christopher Avenue
364,Valentine,Cockatoo Court
365,Valentine,Connaught Road
366,Valentine,Croudace Bay Road
367,Valentine,Crusade Close
368,Valentine,Dilkera Avenue
369,Valentine,Dillwynia Court
370,Valentine,Edinburgh Close
371,Valentine,Excalibur Parade
372,Valentine,Frederick Street
373,Valentine,Galahad Street
374,Valentine,Gentry Close
375,Valentine,Grosvenor Place
376,Valentine,Halberd Close
377,Valentine,Hambelton Court
378,Valentine,Helmsdale Drive
379,Valentine,Jackson Lane
380,Valentine,Japonica Place
381,Valentine,Keira Close
382,Valentine,Kensington Close
383,Valentine,Kenton Crescent
384,Valentine,Keswick Grove
385,Valentine,Krambruk Road
386,Valentine,Laurina Cove
387,Valentine,Leichhardt Road
388,Valentine,Lindsay Avenue
389,Valentine,Linnekar Close
390,Valentine,Lloyd Court
391,Valentine,Ludwig Court
392,Valentine,Lurnea Crescent
393,Valentine,Macquarie Drive
394,Valentine,Marquis Close
395,Valentine,Merlin Close
396,Valentine,Michael Crescent
397,Valentine,Minter Street
398,Valentine,Monarch Crescent
399,Valentine,Moola Avenue
400,Valentine,Morinda Court
401,Valentine,Mountbatten Place
402,Valentine,Myuna Road
403,Valentine,Pandorea Way
404,Valentine,Paris Crescent
405,Valentine,Parklea Avenue
406,Valentine,Peter Street
407,Valentine,Piccadilly Close
408,Valentine,Picnic Way
409,Valentine,Plumeria Place
410,Valentine,Redondo Road
411,Valentine,Regal Way
412,Valentine,Riawena Street
413,Valentine,Robertson Road
414,Valentine,Roma Road
415,Valentine,Rothglen Close
416,Valentine,Ruston Avenue
417,Valentine,Sassafras Close
418,Valentine,Scotswood Place
419,Valentine,Simpson Street
420,Valentine,Squire Close
421,Valentine,Stonehaven Place
422,Valentine,Suffolk Drive
423,Valentine,Tallawalla Road
424,Valentine,Thames Court
425,Valentine,The Crest Cove 
426,Valentine,The Hill 
427,Valentine,The Park Chase 
428,Valentine,Tower Close
429,Valentine,Trafalgar Crescent
430,Valentine,Turret Close
431,Valentine,Valentine Crescent
432,Valentine,Valiant Avenue
433,Valentine,Victor Avenue
434,Valentine,Warwick Way
435,Valentine,Werona Crescent
436,Valentine,Westminster Close
437,Valentine,Wildwood Way
438,Valentine,Windsor Close
439,Vacy,Bower Bird Close
440,Vacy,Corys Creek Road
441,Vacy,Dungog Road
442,Vacy,Fishers Hill Road
443,Vacy,Flying Fox Lane
444,Vacy,Gilbert Road
445,Vacy,Gresford Road
446,Vacy,Horns Crossing Road
447,Vacy,Lennoxton Road
448,Vacy,Moonabung Road
449,Vacy,Mowbray Lane
450,Vacy,Nirvana Close
451,Vacy,Sanctuary Way
452,Vacy,Serenity Way
453,Vacy,Summer Hill Road
454,Vacy,View Street
455,Vacy,Wakaya Close
456,Vincentia,Ada Street
457,Vincentia,Albion Street
458,Vincentia,Anne Street
459,Vincentia,Argyle Street
460,Vincentia,Banksia Street
461,Vincentia,Barnett Street
462,Vincentia,Bayswater Street
463,Vincentia,Bayswood Avenue
464,Vincentia,Beach Street
465,Vincentia,Berry Street
466,Vincentia,Bess Street
467,Vincentia,Birriga Avenue
468,Vincentia,Bourke Close
469,Vincentia,Burton Street
470,Vincentia,Calder Close
471,Vincentia,Captain Street
472,Vincentia,Caroline Street
473,Vincentia,Church Street
474,Vincentia,Coaster Circuit
475,Vincentia,Cockbourne Place
476,Vincentia,Colloden Avenue
477,Vincentia,Dacres Street
478,Vincentia,Deas Thomson Street
479,Vincentia,Diadem Avenue
480,Vincentia,Duncan Street
481,Vincentia,Edward Street
482,Vincentia,Egmont Place
483,Vincentia,Elizabeth Drive
484,Vincentia,Emmeline Place
485,Vincentia,Excellent Street
486,Vincentia,Foley Street
487,Vincentia,Frederick Street
488,Vincentia,Galley Road
489,Vincentia,Garlies Close
490,Vincentia,George Caley Place
491,Vincentia,Grey Place
492,Vincentia,Halloran Street
493,Vincentia,Holden Street
494,Vincentia,Illfracombe Avenue
495,Vincentia,Irwin Place
496,Vincentia,Jervis Street
497,Vincentia,Kallaroo Road
498,Vincentia,Keel Lane
499,Vincentia,Knowles Street
500,Vincentia,Lambs Crescent
501,Vincentia,Lanyon Road
502,Vincentia,Louisa Grove
503,Vincentia,Mcnamara Court
504,Vincentia,Miller Street
505,Vincentia,Minerva Avenue
506,Vincentia,Montague Street
507,Vincentia,Moona Creek Road
508,Vincentia,Murray Street
509,Vincentia,Namur Street
510,Vincentia,Naval College Road
511,Vincentia,Niger Street
512,Vincentia,Omega Place
513,Vincentia,Plantation Point Parade
514,Vincentia,Prowse Close
515,Vincentia,Raven Close
516,Vincentia,Roper Street
517,Vincentia,Saumarez Street
518,Vincentia,Scribbly Gum Track
519,Vincentia,Skiff Street
520,Vincentia,St George Avenue
521,Vincentia,Susan Street
522,Vincentia,Sutton Street
523,Vincentia,Tharwa Road
524,Vincentia,The Wool Road 
525,Vincentia,Towry Crescent
526,Vincentia,Troubridge Drive
527,Vincentia,Twyford Street
528,Vincentia,Vincent Street
529,Vincentia,Waldegrave Crescent
530,Vincentia,White Sands Walk
531,Vincentia,Whitshed Place
532,Vincentia,Woden Street
533,Valla,Auld Close
534,Valla,Avocado Road
535,Valla,Bale Close
536,Valla,Ballards Road
537,Valla,Blackbutt Road
538,Valla,Boggy Creek Road
539,Valla,Bollanolla Firetrail
540,Valla,Boundary Road
541,Valla,Broughams Road
542,Valla,Bryces Road
543,Valla,Bryces Knob Road
544,Valla,Buckmans Road
545,Valla,Burkes Lane
546,Valla,Codys Road
547,Valla,Colemans Road
548,Valla,Cow Creek Road
549,Valla,Cowins Road
550,Valla,Cpt 14/1 Trail
551,Valla,Cpt 23/1 Road
552,Valla,Cpt 23/2 Road
553,Valla,Cpt 24/1 Fire Road
554,Valla,Cpt 269/1 Trail
555,Valla,Cpt 278/1 Trail
556,Valla,Cpt 278/2 Trail
557,Valla,Cpt 278/3 Trail
558,Valla,Cpt 278/4 Trail
559,Valla,Cpt 278/5 Trail
560,Valla,Cpt 279/2 Trail
561,Valla,Cpt 280/1 Trail
562,Valla,Cpt 288/1 Trail
563,Valla,Cpt 290/1 Trail
564,Valla,Cpt 290/2 Trail
565,Valla,Cpt 290/3 Trail
566,Valla,Cpt 296/2 Trail
567,Valla,Cpt 296/4 Trail
568,Valla,Cpt 296/5 Trail
569,Valla,Cpt 296/6 Trail
570,Valla,Cpt 296/7 Trail
571,Valla,Cpt 296/8 Road
572,Valla,Cpt 297/1 Trail
573,Valla,Cpt 297/2 Trail
574,Valla,Cpt 297/3 Trail
575,Valla,Cpt 298/1 Trail
576,Valla,Cpt 298/2 Trail
577,Valla,Cpt 298/3 Trail
578,Valla,Cpt 298/4 Trail
579,Valla,Cpt 298/5 Trail
580,Valla,Cpt 302/1 Road
581,Valla,Cpt 302/3 Road
582,Valla,Deep Creek Road
583,Valla,East West Road
584,Valla,Echidna Road
585,Valla,Englands Road
586,Valla,Englands Trail
587,Valla,Evacuation Road
588,Valla,Fairbrothers Road
589,Valla,Forest Oak Chase
590,Valla,Foxs Road
591,Valla,Fuerte Drive
592,Valla,Hollings Close
593,Valla,Jacksons Road
594,Valla,Jones Trail
595,Valla,Koala Close
596,Valla,Logans Road
597,Valla,Manusus Road
598,Valla,Mines Road
599,Valla,Mitchells Road
600,Valla,Monusa Trail
601,Valla,Morningside Drive
602,Valla,Northend Trail
603,Valla,Oyster Drive
604,Valla,Oyster Creek Road
605,Valla,Pacific Highway
606,Valla,Pearl Circuit
607,Valla,Pickett Hill Close
608,Valla,Pipes Road
609,Valla,Priory Parade
610,Valla,Range Road
611,Valla,Sharwill Drive
612,Valla,Sullivans Road
613,Valla,Tallowood Terrace
614,Valla,Timbertop Court
615,Valla,Tractor Trail
616,Valla,Valla Road
617,Valla,Valla Beach Road
618,Valla,Wenonah Close
619,Valla,Zutano Close
620,Via Queanbeyan,Adina Street
621,Via Queanbeyan,Alkaringa Road
622,Via Queanbeyan,Animbo Street
623,Via Queanbeyan,Anzac Street
624,Via Queanbeyan,Argo Place
625,Via Queanbeyan,Ascot Place
626,Via Queanbeyan,Aster Avenue
627,Via Queanbeyan,Attunga Road
628,Via Queanbeyan,Barkduk Avenue
629,Via Queanbeyan,Bellingara Road
630,Via Queanbeyan,Biargar Avenue
631,Via Queanbeyan,Bimbadeen Avenue
632,Via Queanbeyan,Blackwood Street
633,Via Queanbeyan,Bondell Avenue
634,Via Queanbeyan,Bowral Avenue
635,Via Queanbeyan,Box Road
636,Via Queanbeyan,Burrinjuck Place
637,Via Queanbeyan,Calliope Road
638,Via Queanbeyan,Carramar Crescent
639,Via Queanbeyan,Cartledge Avenue
640,Via Queanbeyan,Central Road
641,Via Queanbeyan,Clifford Road
642,Via Queanbeyan,Clubb Lane
643,Via Queanbeyan,Clubb Crescent
644,Via Queanbeyan,Corea Street
645,Via Queanbeyan,Crookwell Avenue
646,Via Queanbeyan,Cross Street
647,Via Queanbeyan,Culburra Road
648,Via Queanbeyan,Darly Street
649,Via Queanbeyan,Donna Place
650,Via Queanbeyan,Doris Avenue
651,Via Queanbeyan,Douglas Place
652,Via Queanbeyan,Dwyer Street
653,Via Queanbeyan,Dyinda Place
654,Via Queanbeyan,Edward Avenue
655,Via Queanbeyan,Fletcher Avenue
656,Via Queanbeyan,Forest Road
657,Via Queanbeyan,Frances Place
658,Via Queanbeyan,Frederick Street
659,Via Queanbeyan,Garnet Road
660,Via Queanbeyan,George Street
661,Via Queanbeyan,Gibbs Street
662,Via Queanbeyan,Gidji Road
663,Via Queanbeyan,Goodacre Avenue
664,Via Queanbeyan,Gosby Avenue
665,Via Queanbeyan,Graham Avenue
666,Via Queanbeyan,Gurrier Avenue
667,Via Queanbeyan,Gwawley Parade
668,Via Queanbeyan,Higherdale Avenue
669,Via Queanbeyan,Hood Street
670,Via Queanbeyan,Houston Street
671,Via Queanbeyan,Humberstone Avenue
672,Via Queanbeyan,Huntingdale Avenue
673,Via Queanbeyan,Ingara Avenue
674,Via Queanbeyan,Jackson Avenue
675,Via Queanbeyan,Jason Street
676,Via Queanbeyan,Jean Avenue
677,Via Queanbeyan,Jinatong Street
678,Via Queanbeyan,Jonathan Place
679,Via Queanbeyan,Junction Street
680,Via Queanbeyan,Kalmia Place
681,Via Queanbeyan,Kareena Road
682,Via Queanbeyan,Karimbla Road
683,Via Queanbeyan,Kiah Place
684,Via Queanbeyan,Kiama Street
685,Via Queanbeyan,Kindilan Place
686,Via Queanbeyan,Kingsway 
687,Via Queanbeyan,Kiora Lane
688,Via Queanbeyan,Kiora Road
689,Via Queanbeyan,Kirkby Place
690,Via Queanbeyan,Kotara Place
691,Via Queanbeyan,Kumbardang Avenue
692,Via Queanbeyan,Kumulla Road
693,Via Queanbeyan,Lola Place
694,Via Queanbeyan,Macartney Street
695,Via Queanbeyan,Malvern Road
696,Via Queanbeyan,Manor Hill Road
697,Via Queanbeyan,Marion Street
698,Via Queanbeyan,Matson Crescent
699,Via Queanbeyan,Mawarra Avenue
700,Via Queanbeyan,Meadow Place
701,Via Queanbeyan,Meldrum Avenue
702,Via Queanbeyan,Milford Road
703,Via Queanbeyan,Minnamurra Avenue
704,Via Queanbeyan,Miranda Road
705,Via Queanbeyan,Monomeeth Place
706,Via Queanbeyan,Montgomery Street
707,Via Queanbeyan,Mooki Street
708,Via Queanbeyan,Norfolk Place
709,Via Queanbeyan,Nyngan Place
710,Via Queanbeyan,Omaru Avenue
711,Via Queanbeyan,Paris Place
712,Via Queanbeyan,Parkside Avenue
713,Via Queanbeyan,Parkview Street
714,Via Queanbeyan,Parraweena Road
715,Via Queanbeyan,Partridge Avenue
716,Via Queanbeyan,Penprase Lane
717,Via Queanbeyan,Pinaroo Place
718,Via Queanbeyan,Pinnacle Street
719,Via Queanbeyan,Port Hacking Road
720,Via Queanbeyan,President Avenue
721,Via Queanbeyan,Queanbeyan Avenue
722,Via Queanbeyan,Quest Avenue
723,Via Queanbeyan,Quiberee Street
724,Via Queanbeyan,Raglan Road
725,Via Queanbeyan,Renown Avenue
726,Via Queanbeyan,Sandra Place
727,Via Queanbeyan,Seine Place
728,Via Queanbeyan,Shirley Road
729,Via Queanbeyan,Silverwater Crescent
730,Via Queanbeyan,Stevens Avenue
731,Via Queanbeyan,Sylva Avenue
732,Via Queanbeyan,Sylvania Road
733,Via Queanbeyan,Taylor Close
734,Via Queanbeyan,Teak Place
735,Via Queanbeyan,Thacker Street
736,Via Queanbeyan,The Boulevarde 
737,Via Queanbeyan,The Knoll 
738,Via Queanbeyan,Tolol Avenue
739,Via Queanbeyan,University Road
740,Via Queanbeyan,Urunga Parade
741,Via Queanbeyan,Urunga Lane
742,Via Queanbeyan,Ventura Avenue
743,Via Queanbeyan,View Street
744,Via Queanbeyan,Violet Street
745,Via Queanbeyan,Vista Heights Road
746,Via Queanbeyan,Wandella Road
747,Via Queanbeyan,Warumbui Avenue
748,Via Queanbeyan,Willock Avenue
749,Via Queanbeyan,Windermere Avenue
750,Via Queanbeyan,Wingello Road
751,Via Queanbeyan,Wonga Road
752,Via Queanbeyan,Woonah Street
753,Via Queanbeyan,Woorak Crescent
754,Via Queanbeyan,Wyangala Place
755,Via Queanbeyan,Wyralla Road
756,Varroville,Hume Highway
757,Varroville,Raby Road
758,Varroville,Spitfire Drive
759,Varroville,St Andrews Road
760,Varroville,St Davids Road
761,Varroville,St James Road
762,Vale Of Clwydd,Berry Street
763,Vale Of Clwydd,Boundary Street
764,Vale Of Clwydd,Chifley Road
765,Vale Of Clwydd,Clwydd Street
766,Vale Of Clwydd,Clywdd Street
767,Vale Of Clwydd,Gas Works Lane
768,Vale Of Clwydd,Hartley Valley Road
769,Vale Of Clwydd,Hutchinson Street
770,Vale Of Clwydd,King Street
771,Vale Of Clwydd,Mort Street
772,Vale Of Clwydd,Ramsay Street
773,Vale Of Clwydd,Redgate Street
774,Vale Of Clwydd,Vale Place
775,Vale Of Clwydd,Woolnough Street
776,Viewmont,Auld Close
777,Viewmont,Avocado Road
778,Viewmont,Bale Close
779,Viewmont,Ballards Road
780,Viewmont,Blackbutt Road
781,Viewmont,Boggy Creek Road
782,Viewmont,Bollanolla Firetrail
783,Viewmont,Boundary Road
784,Viewmont,Broughams Road
785,Viewmont,Bryces Road
786,Viewmont,Bryces Knob Road
787,Viewmont,Buckmans Road
788,Viewmont,Burkes Lane
789,Viewmont,Codys Road
790,Viewmont,Colemans Road
791,Viewmont,Cow Creek Road
792,Viewmont,Cowins Road
793,Viewmont,Cpt 14/1 Trail
794,Viewmont,Cpt 23/1 Road
795,Viewmont,Cpt 23/2 Road
796,Viewmont,Cpt 24/1 Fire Road
797,Viewmont,Cpt 269/1 Trail
798,Viewmont,Cpt 278/1 Trail
799,Viewmont,Cpt 278/2 Trail
800,Viewmont,Cpt 278/3 Trail
801,Viewmont,Cpt 278/4 Trail
802,Viewmont,Cpt 278/5 Trail
803,Viewmont,Cpt 279/2 Trail
804,Viewmont,Cpt 280/1 Trail
805,Viewmont,Cpt 288/1 Trail
806,Viewmont,Cpt 290/1 Trail
807,Viewmont,Cpt 290/2 Trail
808,Viewmont,Cpt 290/3 Trail
809,Viewmont,Cpt 296/2 Trail
810,Viewmont,Cpt 296/4 Trail
811,Viewmont,Cpt 296/5 Trail
812,Viewmont,Cpt 296/6 Trail
813,Viewmont,Cpt 296/7 Trail
814,Viewmont,Cpt 296/8 Road
815,Viewmont,Cpt 297/1 Trail
816,Viewmont,Cpt 297/2 Trail
817,Viewmont,Cpt 297/3 Trail
818,Viewmont,Cpt 298/1 Trail
819,Viewmont,Cpt 298/2 Trail
820,Viewmont,Cpt 298/3 Trail
821,Viewmont,Cpt 298/4 Trail
822,Viewmont,Cpt 298/5 Trail
823,Viewmont,Cpt 302/1 Road
824,Viewmont,Cpt 302/3 Road
825,Viewmont,Deep Creek Road
826,Viewmont,East West Road
827,Viewmont,Echidna Road
828,Viewmont,Englands Road
829,Viewmont,Englands Trail
830,Viewmont,Evacuation Road
831,Viewmont,Fairbrothers Road
832,Viewmont,Forest Oak Chase
833,Viewmont,Foxs Road
834,Viewmont,Fuerte Drive
835,Viewmont,Hollings Close
836,Viewmont,Jacksons Road
837,Viewmont,Jones Trail
838,Viewmont,Koala Close
839,Viewmont,Logans Road
840,Viewmont,Manusus Road
841,Viewmont,Mines Road
842,Viewmont,Mitchells Road
843,Viewmont,Monusa Trail
844,Viewmont,Morningside Drive
845,Viewmont,Northend Trail
846,Viewmont,Oyster Drive
847,Viewmont,Oyster Creek Road
848,Viewmont,Pacific Highway
849,Viewmont,Pearl Circuit
850,Viewmont,Pickett Hill Close
851,Viewmont,Pipes Road
852,Viewmont,Priory Parade
853,Viewmont,Range Road
854,Viewmont,Sharwill Drive
855,Viewmont,Sullivans Road
856,Viewmont,Tallowood Terrace
857,Viewmont,Timbertop Court
858,Viewmont,Tractor Trail
859,Viewmont,Valla Road
860,Viewmont,Valla Beach Road
861,Viewmont,Wenonah Close
862,Viewmont,Zutano Close
863,Valla Beach,Birugan Close
864,Valla Beach,Buchanan Street
865,Valla Beach,Cockburn Street
866,Valla Beach,Dolphin Place
867,Valla Beach,Gregory Street
868,Valla Beach,Henderson Street
869,Valla Beach,Hibiscus Drive
870,Valla Beach,Jones Street
871,Valla Beach,Ketut Close
872,Valla Beach,Kuta Avenue
873,Valla Beach,Langsford Way
874,Valla Beach,Max Graham Drive
875,Valla Beach,Mirral Trail
876,Valla Beach,Nunguu Trail
877,Valla Beach,Ocean View Drive
878,Valla Beach,Old Railway Access Trail
879,Valla Beach,Railway Access Trail
880,Valla Beach,Regatta Drive
881,Valla Beach,Ridge Trail
882,Valla Beach,Rogers Drive
883,Valla Beach,Ruth Lowe Court
884,Valla Beach,Seaforth Drive
885,Valla Beach,Shores Close
886,Valla Beach,Steele Street
887,Valla Beach,Swordfish Drive
888,Valla Beach,Thompson Street
889,Valla Beach,Tuna Street
890,Valla Beach,Valla Beach Road
891,Valla Beach,Wentworth-smith Street
892,Verges Creek,Belle Rio Close
893,Verges Creek,Gorman Lane
894,Verges Creek,Inches Road
895,Verges Creek,Old Station Road
896,Verges Creek,Plover Lane
897,Verges Creek,Richards Lane
898,Verges Creek,Rustic Lane
899,Verges Creek,Seale Road
900,Verges Creek,Verges Creek Road
901,Verges Creek,Whistlers Lane
902,Violet Hill,Toms Hill Trail
903,Violet Hill,Violet Hill Road
904,Voyager Point,Ajuga Court
905,Voyager Point,Angophora Court
906,Voyager Point,Bakeri Court
907,Voyager Point,Boronia Drive
908,Voyager Point,Buxifolia Court
909,Voyager Point,Cambrian Avenue
910,Voyager Point,Challenger Street
911,Voyager Point,Correa Court
912,Voyager Point,Costata Court
913,Voyager Point,Creekwood Drive
914,Voyager Point,Fantome Street
915,Voyager Point,Geebung Court
916,Voyager Point,Goodenia Court
917,Voyager Point,Hovea Court
918,Voyager Point,Indigo Court
919,Voyager Point,Lomandra Court
920,Voyager Point,Mirbelia Court
921,Voyager Point,Myrtle Court
922,Voyager Point,Orlando Crescent
923,Voyager Point,Pelorus Avenue
924,Voyager Point,Pimelia Court
925,Voyager Point,Pratia Court
926,Voyager Point,Punctata Court
927,Voyager Point,Restio Court
928,Voyager Point,Scribbly Gum Court
929,Voyager Point,Sirius Road
930,Voyager Point,The Avenue 
931,Voyager Point,Torch Street
932,Voyager Point,Woollsia Court
