accommodationId,traveler,status,createdTime,modifiedTime,star,reviewDate,review
0,T1YnGxacjXHj@gmail.com,success,2018-06-18:09:23:40,2018-06-20:08:30:07,1.0,2018-07-09:22:01:37,"A timeless and curtained-off apartemnt. However, the poor customer service"
1,QH7OrLIz2Hqq@qq.com,success,2018-06-07:05:51:21,2018-06-08:09:44:23,2.0,2018-07-10:10:44:41,"A unique and high-rise hosue. However, the poor customer service"
2,6sKh8X0w6x8fne@163.com,success,2018-06-08:09:42:34,2018-06-10:17:36:15,4.0,2018-07-08:11:52:20,A original and high-rise apartemnt.
3,FRz2gnJRvAxUeOP@qq.com,success,2018-06-16:01:31:45,2018-06-17:10:39:32,2.0,2018-07-18:19:35:06,"A fresh and lofty hosue. However, the poor customer service"
4,1LCd5XXRL5f@qq.com,success,2018-06-24:12:17:28,2018-06-26:23:36:47,1.0,2018-07-11:22:00:47,"A incredible and darkened apartemnt. However, the poor customer service"
5,2kyZ@gmail.com,success,2018-06-01:13:16:23,2018-06-03:21:44:31,2.0,2018-07-15:15:00:36,"A charming and derelict hosue. However, the poor customer service"
6,jA@gmail.com,success,2018-06-13:23:27:53,2018-06-15:04:15:28,1.0,2018-07-07:23:36:03,"A personality and covered hosue. However, the poor customer service"
7,R1CHqeDWk@yahoo.com,success,2018-06-22:07:15:15,2018-06-23:16:02:33,2.0,2018-07-13:20:08:06,"A textured and rambling hosue. However, the poor customer service"
8,3jMCc9iyKjW@163.com,success,2018-06-14:23:52:29,2018-06-16:10:58:33,1.0,2018-07-14:12:58:45,"A energy and comfortable hosue. However, the poor customer service"
9,Wxj@163.com,success,2018-06-10:22:30:37,2018-06-12:19:41:30,3.0,2018-07-10:08:30:27,A tasteful and furnished apartemnt.
10,GWb@yahoo.com,success,2018-06-13:14:37:03,2018-06-15:09:44:09,4.0,2018-07-18:08:49:07,A original and modest hosue.
11,rqy5@hotmail.com,success,2018-06-21:08:09:20,2018-06-23:23:55:34,2.0,2018-07-17:18:14:13,"A elaborate and ruined apartemnt. However, the poor customer service"
12,Px2Rr@163.com,success,2018-06-06:14:38:18,2018-06-08:20:02:07,5.0,2018-07-20:07:11:56,A secluded and ruined apartemnt.
13,NCsx@qq.com,success,2018-06-22:09:22:57,2018-06-24:19:01:13,5.0,2018-07-16:07:17:23,A amazing and appointed apartemnt.
14,e3OW@qq.com,success,2018-06-02:13:29:55,2018-06-04:17:33:42,3.0,2018-07-15:21:30:26,A dramatic and colonial apartemnt.
15,QEokSMakhsbi@hotmail.com,success,2018-06-06:16:28:39,2018-06-08:21:15:39,1.0,2018-07-12:15:37:30,"A exquisite and dilapidated apartemnt. However, the poor customer service"
16,KHojy@qq.com,success,2018-06-06:02:47:26,2018-06-08:16:09:12,4.0,2018-07-11:22:23:25,A historic and comfortable hosue.
17,aclP@163.com,success,2018-06-04:04:26:39,2018-06-06:18:07:55,3.0,2018-07-24:08:02:43,A peaceful and moated hosue.
18,T1YnGxacjXHj@gmail.com,success,2018-06-10:17:47:11,2018-06-12:22:11:45,1.0,2018-07-15:13:02:48,"A paradise and palatial hosue. However, the poor customer service"
19,Px2Rr@163.com,success,2018-06-22:04:45:36,2018-06-24:20:26:00,1.0,2018-07-19:07:19:44,"A graceful and dilapidated apartemnt. However, the poor customer service"
20,IRk@hotmail.com,success,2018-06-24:11:13:19,2018-06-25:04:41:25,5.0,2018-07-17:05:32:14,A innovative and spacious hosue.
21,5PQCl@gmail.com,success,2018-06-13:03:41:59,2018-06-15:08:55:28,2.0,2018-07-24:21:05:23,"A personality and handsome apartemnt. However, the poor customer service"
22,JT@163.com,success,2018-06-27:13:22:58,2018-06-29:01:05:05,3.0,2018-07-13:16:12:46,A energy and unoccupied apartemnt.
23,b@hotmail.com,success,2018-06-10:09:20:12,2018-06-12:07:43:16,4.0,2018-07-17:11:52:06,A comfortable and snug apartemnt.
24,WWwfX2U9LUSA@gmail.com,success,2018-06-20:03:18:40,2018-06-22:04:38:58,5.0,2018-07-13:20:30:00,A genuine and furnished hosue.
25,725G1BqiIf2meC@hotmail.com,success,2018-06-18:20:58:44,2018-06-20:18:34:36,4.0,2018-07-13:05:47:32,A rare and prefab hosue.
26,75Y2p@gmail.com,success,2018-06-18:15:01:02,2018-06-20:14:22:40,2.0,2018-07-21:22:14:01,"A substantial and semi-detached apartemnt. However, the poor customer service"
27,zcEBBWlI0orFFlM@163.com,success,2018-06-07:03:39:49,2018-06-09:00:02:27,5.0,2018-07-17:00:09:44,A green and shuttered hosue.
28,lunBZOgMyA3A2@163.com,success,2018-06-11:22:14:53,2018-06-13:23:01:53,4.0,2018-07-17:14:02:03,A masterpiece and prefab apartemnt.
29,Wxj@163.com,success,2018-06-09:03:18:04,2018-06-11:13:19:23,5.0,2018-07-20:12:04:35,A personality and prefab apartemnt.
30,qDaXPO@yahoo.com,success,2018-06-07:04:25:36,2018-06-09:18:58:27,4.0,2018-07-16:02:33:43,A retreat and furnished hosue.
31,F3AW58Ge@qq.com,success,2018-06-27:13:35:34,2018-06-29:15:10:08,2.0,2018-07-26:06:49:51,"A secluded and non-residential apartemnt. However, the poor customer service"
32,ZeGf@qq.com,success,2018-06-19:07:54:54,2018-06-21:17:55:38,4.0,2018-07-14:09:17:58,A ideal and beachfront apartemnt.
33,ZiNKHKtXlUHNYi2@yahoo.com,success,2018-06-25:09:26:00,2018-06-26:06:35:20,1.0,2018-07-14:07:59:52,"A classic and ensuite apartemnt. However, the poor customer service"
34,o4G5BhZBy3@hotmail.com,success,2018-06-10:11:50:17,2018-06-12:14:32:32,1.0,2018-07-22:20:59:46,"A historic and timbered hosue. However, the poor customer service"
35,5OQ1JW@hotmail.com,success,2018-06-23:09:32:00,2018-06-25:16:38:37,3.0,2018-07-20:05:35:55,A genuine and non-residential hosue.
36,HDbeEQbo9@163.com,success,2018-06-15:10:52:20,2018-06-17:08:14:17,4.0,2018-07-18:02:34:31,A geothermal and labyrinthine hosue.
37,7o6o@gmail.com,success,2018-06-18:07:23:28,2018-06-19:09:26:25,1.0,2018-07-28:20:18:18,"A innovative and tumbledown hosue. However, the poor customer service"
38,T1YnGxacjXHj@gmail.com,success,2018-06-27:07:35:51,2018-06-28:14:55:20,2.0,2018-07-25:22:07:32,"A exquisite and Perpendicular apartemnt. However, the poor customer service"
39,R9ux@yahoo.com,success,2018-06-18:20:35:09,2018-06-20:18:16:58,2.0,2018-07-18:12:06:11,"A impeccable and dank apartemnt. However, the poor customer service"
40,OE@gmail.com,success,2018-06-10:17:22:48,2018-06-12:20:34:09,3.0,2018-07-23:16:55:44,A sensible and burnt-out apartemnt.
41,birCH1KiAhW0@qq.com,success,2018-06-15:03:31:19,2018-06-16:03:11:37,2.0,2018-07-19:07:54:00,"A stylish and stark apartemnt. However, the poor customer service"
42,KHojy@qq.com,success,2018-06-10:16:29:33,2018-06-12:08:34:10,5.0,2018-07-31:19:16:01,A charming and self-contained hosue.
43,HvUw9xdfu8LsTSu@qq.com,success,2018-06-24:09:34:47,2018-06-25:21:18:33,4.0,2018-07-21:00:33:14,A practical and comfortable apartemnt.
44,mgEHh1WR6DRE5Mf@gmail.com,success,2018-06-24:00:28:28,2018-06-25:06:11:21,1.0,2018-07-25:08:39:24,"A peaceful and brick-built apartemnt. However, the poor customer service"
45,JT@163.com,success,2018-06-28:10:00:48,2018-06-29:19:14:53,4.0,2018-07-30:16:31:47,A spectacular and colonial apartemnt.
46,m@yahoo.com,success,2018-07-04:20:49:08,2018-07-06:00:00:34,3.0,2018-07-18:04:50:24,A transformed and high-rise hosue.
47,R9ux@yahoo.com,success,2018-06-15:14:30:45,2018-06-17:15:40:08,5.0,2018-07-21:05:02:45,A genuine and prefab apartemnt.
48,zcEBBWlI0orFFlM@163.com,success,2018-07-05:03:48:27,2018-07-07:14:24:24,4.0,2018-07-20:22:42:58,A impeccable and ensuite hosue.
49,KrJnwtKufW5s@hotmail.com,success,2018-07-02:23:00:43,2018-07-04:08:58:41,1.0,2018-07-30:14:35:37,"A geothermal and modest apartemnt. However, the poor customer service"
50,VaAw8UjxnZ@hotmail.com,success,2018-06-26:07:30:31,2018-06-27:08:06:38,2.0,2018-07-23:16:15:23,"A sparkling and colonial apartemnt. However, the poor customer service"
51,zxxkMJ@gmail.com,success,2018-06-20:14:15:03,2018-06-22:10:14:24,5.0,2018-07-26:09:24:39,A glamorous and unfurnished apartemnt.
52,qDaXPO@yahoo.com,success,2018-06-24:09:28:44,2018-06-25:02:26:35,4.0,2018-07-22:02:32:36,A stunning and brick-built hosue.
53,YEI9cUnp@hotmail.com,success,2018-07-03:11:35:56,2018-07-05:03:29:19,4.0,2018-07-28:04:28:43,A genuine and lofty hosue.
54,An5WAxLlyO2@gmail.com,success,2018-07-04:09:12:54,2018-07-05:14:03:41,4.0,2018-07-25:00:46:03,A solar and half-timbered hosue.
55,ysd@yahoo.com,success,2018-07-04:17:23:46,2018-07-06:12:18:55,1.0,2018-07-27:22:19:51,"A responsible and long-stay apartemnt. However, the poor customer service"
56,GWb@yahoo.com,success,2018-06-17:00:26:24,2018-06-18:10:16:19,2.0,2018-07-27:00:38:12,"A secluded and appointed apartemnt. However, the poor customer service"
57,jO9vhnkgxmlGW@hotmail.com,success,2018-06-16:21:29:17,2018-06-18:06:56:33,5.0,2018-07-22:16:06:13,A charming and curtained-off hosue.
58,u87n@163.com,success,2018-07-07:16:12:41,2018-07-09:16:50:03,5.0,2018-08-06:05:30:26,A practical and spacious hosue.
59,1tYQg6ARrxk3y@yahoo.com,success,2018-07-08:12:43:08,2018-07-10:15:22:12,4.0,2018-07-24:18:04:04,A soothing and snug hosue.
60,QEokSMakhsbi@hotmail.com,success,2018-07-05:01:19:48,2018-07-06:14:27:00,5.0,2018-07-23:18:31:52,A unsurpassed and gabled apartemnt.
61,b@qq.com,success,2018-06-16:08:50:02,2018-06-18:15:20:11,4.0,2018-08-06:19:20:43,A timeless and vaulted hosue.
62,2kyZ@gmail.com,success,2018-06-17:03:47:37,2018-06-18:14:24:43,3.0,2018-07-29:05:44:34,A historic and well-appointed hosue.
63,5OQ1JW@hotmail.com,success,2018-06-18:07:59:13,2018-06-19:15:14:06,4.0,2018-08-03:23:44:45,A solar and handsome apartemnt.
64,root@gmail.com,success,2018-06-22:07:42:24,2018-06-24:15:10:03,3.0,2018-08-04:06:37:05,A amazing and Ionic hosue.
65,1LCd5XXRL5f@qq.com,success,2018-07-02:09:04:07,2018-07-03:15:59:54,4.0,2018-07-31:15:40:42,A comfortable and warm hosue.
66,DyQO1rR@163.com,success,2018-06-26:04:47:58,2018-06-28:21:31:19,3.0,2018-07-28:20:09:21,A textured and service apartemnt.
67,HDbeEQbo9@163.com,success,2018-06-22:10:34:24,2018-06-23:19:12:33,1.0,2018-07-24:08:40:48,"A exciting and stark apartemnt. However, the poor customer service"
68,xVNEqhjFpEU@163.com,success,2018-06-22:04:02:28,2018-06-23:19:31:48,5.0,2018-08-06:21:16:09,A private and detached hosue.
69,o4G5BhZBy3@hotmail.com,success,2018-07-10:09:41:35,2018-07-12:03:11:41,4.0,2018-08-05:02:56:28,A vibrant and long-stay apartemnt.
70,ym03DkPQUSHVz@qq.com,success,2018-07-04:10:28:31,2018-07-06:21:05:22,2.0,2018-08-01:00:33:59,"A versatile and timbered apartemnt. However, the poor customer service"
71,KcDT6CG4L@163.com,success,2018-07-10:13:16:26,2018-07-12:04:14:30,1.0,2018-07-31:01:02:51,"A impeccable and Romanesque apartemnt. However, the poor customer service"
72,ZeGf@qq.com,success,2018-07-01:03:36:39,2018-07-03:04:06:42,5.0,2018-07-28:05:35:19,A significant and half-timbered hosue.
73,UKX@163.com,success,2018-06-20:12:30:52,2018-06-22:19:56:03,3.0,2018-08-04:05:12:45,A stunning and derelict apartemnt.
74,kJ4ip3FOBvV@hotmail.com,success,2018-06-26:01:32:06,2018-06-27:08:17:49,4.0,2018-08-02:06:54:47,A dramatic and lofty hosue.
75,725G1BqiIf2meC@hotmail.com,success,2018-06-29:05:04:40,2018-07-01:15:05:53,4.0,2018-07-27:19:40:34,A elegant and split-level apartemnt.
76,rqy5@hotmail.com,success,2018-07-02:05:22:26,2018-07-03:15:46:47,1.0,2018-08-04:23:09:27,"A charming and beachfront hosue. However, the poor customer service"
77,OE@gmail.com,success,2018-06-27:07:52:14,2018-06-29:14:21:21,1.0,2018-08-08:21:20:28,"A turbine and spacious hosue. However, the poor customer service"
78,m@yahoo.com,success,2018-07-08:11:13:51,2018-07-10:03:52:26,4.0,2018-07-30:22:58:59,A responsible and curtained-off apartemnt.
79,aclP@163.com,success,2018-06-28:02:29:37,2018-06-30:04:33:03,3.0,2018-07-30:22:25:05,A ideal and dank hosue.
80,bFR@yahoo.com,success,2018-07-04:07:24:33,2018-07-06:07:18:04,3.0,2018-07-30:18:49:36,A paradise and handsome hosue.
81,fszRaDYAnBBIf0@163.com,success,2018-06-29:02:35:49,2018-06-30:13:57:38,5.0,2018-08-09:18:32:33,A sophisticated and baronial apartemnt.
82,hE9sLi@163.com,success,2018-06-30:02:09:56,2018-07-01:16:15:35,2.0,2018-08-02:23:07:00,"A unsurpassed and ruined hosue. However, the poor customer service"
83,root@gmail.com,success,2018-06-30:10:23:37,2018-07-01:08:17:50,5.0,2018-08-02:01:15:04,A magnificent and furnished apartemnt.
84,5OQ1JW@hotmail.com,success,2018-06-27:00:37:01,2018-06-28:14:32:04,5.0,2018-08-11:13:28:08,A practical and detached apartemnt.
85,b@hotmail.com,success,2018-07-10:02:58:03,2018-07-12:03:28:33,5.0,2018-08-02:08:21:21,A historic and Ionic hosue.
86,725G1BqiIf2meC@hotmail.com,success,2018-07-17:07:25:34,2018-07-18:01:10:10,1.0,2018-07-29:05:25:59,"A historic and derelict apartemnt. However, the poor customer service"
87,NsHu1@qq.com,success,2018-07-08:07:40:51,2018-07-10:18:41:25,5.0,2018-08-02:04:46:33,A elegant and furnished apartemnt.
88,wKip0M@qq.com,success,2018-07-16:05:28:14,2018-07-18:17:33:17,1.0,2018-08-01:03:00:40,"A masterpiece and labyrinthine apartemnt. However, the poor customer service"
89,2iDn8E8@yahoo.com,success,2018-07-06:13:30:34,2018-07-08:05:23:23,5.0,2018-08-07:00:06:00,A majestic and timbered apartemnt.
90,sGe5yiFP@gmail.com,success,2018-07-10:05:26:05,2018-07-12:05:35:29,2.0,2018-07-31:08:29:11,"A luxurious and furnished apartemnt. However, the poor customer service"
91,KcDT6CG4L@163.com,success,2018-06-29:14:21:21,2018-07-01:12:20:11,1.0,2018-08-09:05:20:16,"A exquisite and comfortable hosue. However, the poor customer service"
92,KHojy@qq.com,success,2018-07-13:19:10:39,2018-07-15:10:04:49,5.0,2018-08-06:02:56:45,A innovative and derelict apartemnt.
93,NI@163.com,success,2018-07-05:03:27:08,2018-07-07:22:55:12,4.0,2018-08-04:04:51:32,A distinctive and colonial apartemnt.
94,zcEBBWlI0orFFlM@163.com,success,2018-06-25:20:12:51,2018-06-27:17:49:52,4.0,2018-08-10:18:34:35,A distinctive and modest apartemnt.
95,VaAw8UjxnZ@hotmail.com,success,2018-07-08:03:02:56,2018-07-10:14:04:07,5.0,2018-08-13:02:42:11,A incredible and unfurnished apartemnt.
96,UKX@163.com,success,2018-07-10:06:14:58,2018-07-11:10:54:10,3.0,2018-08-12:14:54:35,A energy and dank apartemnt.
97,Tsv@gmail.com,success,2018-07-16:09:57:18,2018-07-17:03:52:55,2.0,2018-08-08:13:52:15,"A eclectic and condemned hosue. However, the poor customer service"
98,p6BxSTgaMUh@qq.com,success,2018-06-28:21:58:56,2018-06-30:07:13:10,4.0,2018-08-12:19:18:28,A authentic and unfurnished apartemnt.
99,ii0GMrWGoi@qq.com,success,2018-07-01:06:57:29,2018-07-02:23:04:17,5.0,2018-08-02:05:54:26,A versatile and burnt-out hosue.
100,OE@gmail.com,success,2018-06-26:02:27:05,2018-06-27:09:08:38,1.0,2018-08-12:10:04:08,"A comfortable and low-rise apartemnt. However, the poor customer service"
101,lQbQ3CR@hotmail.com,success,2018-06-28:16:14:17,2018-06-30:18:30:40,2.0,2018-08-12:19:20:34,"A substantial and colonial apartemnt. However, the poor customer service"
102,ym03DkPQUSHVz@qq.com,success,2018-06-30:11:40:04,2018-07-02:17:10:50,3.0,2018-08-03:16:44:40,A sophisticated and warm apartemnt.
103,e3OW@qq.com,success,2018-07-12:00:19:54,2018-07-13:01:48:21,2.0,2018-08-03:17:51:44,"A cozy and labyrinthine hosue. However, the poor customer service"
104,WWwfX2U9LUSA@gmail.com,success,2018-07-12:03:03:32,2018-07-14:14:45:31,2.0,2018-08-08:06:24:23,"A exciting and Romanesque apartemnt. However, the poor customer service"
105,aclP@163.com,success,2018-06-28:20:36:08,2018-06-30:08:41:52,2.0,2018-08-10:12:49:50,"A transformed and high-rise apartemnt. However, the poor customer service"
106,ejmbXwFb3X8Kr@163.com,success,2018-06-28:01:19:44,2018-06-29:07:21:04,5.0,2018-08-15:22:55:12,A rare and redbrick hosue.
107,xVNEqhjFpEU@163.com,success,2018-07-17:04:48:19,2018-07-18:06:15:54,2.0,2018-08-15:06:27:56,"A sophisticated and sprawling hosue. However, the poor customer service"
108,FRz2gnJRvAxUeOP@qq.com,success,2018-07-17:08:04:04,2018-07-18:22:29:15,4.0,2018-08-11:19:23:16,A ideal and brick-built apartemnt.
109,YEI9cUnp@hotmail.com,success,2018-07-21:02:21:16,2018-07-22:11:25:12,1.0,2018-08-11:10:22:50,"A prestigious and Doric apartemnt. However, the poor customer service"
110,ymxX@163.com,success,2018-07-12:18:29:59,2018-07-14:10:20:05,2.0,2018-08-05:13:41:17,"A ideal and non-residential hosue. However, the poor customer service"
111,JT@163.com,success,2018-07-01:12:55:30,2018-07-03:06:48:29,2.0,2018-08-06:15:23:26,"A economical and service hosue. However, the poor customer service"
112,ZeGf@qq.com,success,2018-07-10:07:55:23,2018-07-11:13:30:08,4.0,2018-08-10:18:57:07,A memorable and split-level hosue.
113,root@gmail.com,success,2018-07-19:04:22:10,2018-07-21:21:21:36,4.0,2018-08-12:06:41:23,A tasteful and non-residential hosue.
114,jL@yahoo.com,success,2018-07-05:23:05:35,2018-07-07:06:33:05,5.0,2018-08-13:14:45:10,A retreat and service hosue.
115,b@hotmail.com,success,2018-07-19:12:16:08,2018-07-21:15:40:13,3.0,2018-08-12:09:19:54,A fresh and high-rise apartemnt.
116,GlOrS@qq.com,success,2018-07-07:06:43:09,2018-07-08:18:36:54,4.0,2018-08-08:09:36:56,A soothing and beachfront hosue.
117,75Y2p@gmail.com,success,2018-07-02:02:18:42,2018-07-03:06:46:37,1.0,2018-08-09:10:35:12,"A sensational and colonial apartemnt. However, the poor customer service"
118,KhSjk2v@qq.com,success,2018-06-30:12:30:15,2018-07-02:23:10:16,2.0,2018-08-18:20:49:50,"A unique and furnished apartemnt. However, the poor customer service"
119,R1CHqeDWk@yahoo.com,success,2018-07-07:04:22:35,2018-07-09:09:34:26,1.0,2018-08-04:10:28:20,"A impeccable and brick-built apartemnt. However, the poor customer service"
120,3Wf5G88MS8cMgqQ@163.com,success,2018-07-13:23:54:47,2018-07-15:10:12:50,5.0,2018-08-14:02:24:46,A eclectic and beachfront hosue.
121,jO9vhnkgxmlGW@hotmail.com,success,2018-07-08:11:28:18,2018-07-10:05:17:56,2.0,2018-08-16:17:04:33,"A practical and modular hosue. However, the poor customer service"
122,J1nWFjGf@qq.com,success,2018-07-14:22:51:14,2018-07-16:08:59:19,5.0,2018-08-15:13:49:04,A unique and Corinthian hosue.
123,5PQCl@gmail.com,success,2018-07-10:11:04:40,2018-07-12:23:06:58,3.0,2018-08-17:18:12:38,A amazing and dank apartemnt.
124,qDaXPO@yahoo.com,success,2018-07-17:23:39:44,2018-07-19:18:46:37,4.0,2018-08-19:23:08:58,A retreat and low-rise apartemnt.
125,o6mNDIf@hotmail.com,success,2018-07-13:12:28:45,2018-07-15:14:38:01,4.0,2018-08-12:00:35:42,A economical and Corinthian apartemnt.
126,xVNEqhjFpEU@163.com,success,2018-07-02:01:15:59,2018-07-03:01:32:39,5.0,2018-08-14:18:06:58,A timeless and Romanesque apartemnt.
127,kX3sG836Tw9Tl@hotmail.com,success,2018-07-17:00:20:22,2018-07-18:11:52:45,1.0,2018-08-19:20:30:41,"A elaborate and tumbledown hosue. However, the poor customer service"
128,An5WAxLlyO2@gmail.com,success,2018-07-19:15:20:48,2018-07-21:09:38:42,3.0,2018-08-21:21:14:21,A rare and colonial apartemnt.
129,Px2Rr@163.com,success,2018-07-23:17:32:20,2018-07-25:23:35:47,2.0,2018-08-15:00:49:36,"A vibrant and palatial apartemnt. However, the poor customer service"
130,jA@gmail.com,success,2018-07-20:03:42:55,2018-07-22:16:03:39,3.0,2018-08-17:21:02:14,A retreat and comfortable apartemnt.
131,QH7OrLIz2Hqq@qq.com,success,2018-07-20:00:37:59,2018-07-21:19:27:11,2.0,2018-08-22:09:16:33,"A secluded and lofty apartemnt. However, the poor customer service"
132,QEokSMakhsbi@hotmail.com,success,2018-07-06:06:18:39,2018-07-08:00:41:39,3.0,2018-08-23:09:05:26,A versatile and Ionic apartemnt.
133,12THxPHQO9@qq.com,success,2018-07-07:18:51:42,2018-07-09:08:47:35,2.0,2018-08-23:19:56:48,"A distinctive and tumbledown hosue. However, the poor customer service"
134,rqy5@hotmail.com,success,2018-07-16:22:02:21,2018-07-18:22:14:09,4.0,2018-08-16:19:28:49,A geothermal and prefabricated hosue.
135,Wxj@163.com,success,2018-07-19:18:40:04,2018-07-21:19:32:10,1.0,2018-08-19:13:34:30,"A majestic and derelict hosue. However, the poor customer service"
136,F3AW58Ge@qq.com,success,2018-07-14:14:31:45,2018-07-16:21:28:05,3.0,2018-08-21:13:45:09,A secluded and Corinthian apartemnt.
137,jL@yahoo.com,success,2018-07-04:01:17:48,2018-07-05:05:39:03,5.0,2018-08-19:21:23:49,A economical and low-rise apartemnt.
138,IRk@hotmail.com,success,2018-07-16:06:12:57,2018-07-18:09:36:19,3.0,2018-08-10:04:41:58,A unsurpassed and non-residential apartemnt.
139,GlOrS@qq.com,success,2018-07-08:07:27:41,2018-07-09:14:26:02,4.0,2018-08-19:02:16:12,A outstanding and colonial hosue.
140,birCH1KiAhW0@qq.com,success,2018-07-19:14:19:18,2018-07-21:05:36:17,4.0,2018-08-20:07:55:05,A upscale and semi-detached apartemnt.
141,lunBZOgMyA3A2@163.com,success,2018-07-24:15:11:51,2018-07-26:02:59:04,5.0,2018-08-20:20:13:17,A magnificent and redbrick apartemnt.
142,qGE5Uyv@gmail.com,success,2018-07-20:12:24:14,2018-07-22:11:17:41,3.0,2018-08-15:04:14:12,A timeless and lofty hosue.
143,OE@gmail.com,success,2018-07-23:06:37:57,2018-07-25:02:33:36,2.0,2018-08-17:19:21:59,"A green and prefabricated apartemnt. However, the poor customer service"
144,lQbQ3CR@hotmail.com,success,2018-07-26:11:34:35,2018-07-27:05:58:19,1.0,2018-08-13:05:54:03,"A unique and spacious hosue. However, the poor customer service"
145,R9ux@yahoo.com,success,2018-07-18:08:03:59,2018-07-20:22:28:44,2.0,2018-08-22:14:45:42,"A authentic and detached hosue. However, the poor customer service"
146,2@hotmail.com,success,2018-07-28:02:48:22,2018-07-29:13:03:59,4.0,2018-08-15:06:39:59,A upscale and spacious hosue.
147,2iDn8E8@yahoo.com,success,2018-07-10:06:22:43,2018-07-12:16:08:57,5.0,2018-08-19:04:12:22,A tasteful and baronial apartemnt.
148,5PQCl@gmail.com,success,2018-07-30:01:19:31,2018-07-31:04:15:13,2.0,2018-08-24:08:43:08,"A sensational and unfurnished apartemnt. However, the poor customer service"
149,kJ4ip3FOBvV@hotmail.com,success,2018-07-29:02:13:05,2018-07-30:23:46:30,4.0,2018-08-18:12:16:49,A economical and modular hosue.
150,3jMCc9iyKjW@163.com,success,2018-07-30:04:46:29,2018-08-01:12:59:33,1.0,2018-08-26:16:18:49,"A sensible and covered apartemnt. However, the poor customer service"
151,KcDT6CG4L@163.com,success,2018-07-29:20:17:39,2018-07-31:03:21:20,3.0,2018-08-16:04:25:57,A impeccable and modest hosue.
152,kX3sG836Tw9Tl@hotmail.com,success,2018-07-19:03:23:25,2018-07-21:11:57:55,2.0,2018-08-25:19:00:14,"A genuine and sprawling apartemnt. However, the poor customer service"
153,NI@163.com,success,2018-07-10:11:46:00,2018-07-11:05:39:43,3.0,2018-08-20:02:34:59,A personality and Doric apartemnt.
154,WWwfX2U9LUSA@gmail.com,success,2018-07-10:17:53:02,2018-07-12:02:23:03,5.0,2018-08-20:22:24:16,A sparkling and unoccupied hosue.
155,qGE5Uyv@gmail.com,success,2018-08-02:23:20:47,2018-08-04:17:24:28,1.0,2018-08-26:11:23:22,"A dramatic and spacious hosue. However, the poor customer service"
156,R9ux@yahoo.com,success,2018-07-25:16:21:22,2018-07-27:21:44:21,1.0,2018-08-26:22:03:53,"A sparkling and comfortable apartemnt. However, the poor customer service"
157,DyQO1rR@163.com,success,2018-07-19:05:25:51,2018-07-20:11:47:54,2.0,2018-08-26:10:21:32,"A incredible and prefabricated apartemnt. However, the poor customer service"
158,YJOIgxQTWa@qq.com,success,2018-07-29:03:07:45,2018-07-30:07:53:22,1.0,2018-08-16:09:05:09,"A cozy and unfurnished hosue. However, the poor customer service"
159,Wxj@163.com,success,2018-07-20:10:08:31,2018-07-21:06:40:55,3.0,2018-08-24:05:23:23,A elegant and dank hosue.
160,5OQ1JW@hotmail.com,success,2018-07-25:19:43:52,2018-07-27:05:32:54,1.0,2018-08-18:04:17:20,"A dramatic and secure hosue. However, the poor customer service"
161,t7iKMaGnLYdqW@yahoo.com,success,2018-07-13:06:58:54,2018-07-14:22:12:38,3.0,2018-08-30:22:37:31,A substantial and rambling hosue.
162,b@hotmail.com,success,2018-08-01:03:28:30,2018-08-02:22:45:52,4.0,2018-08-23:13:58:19,A solar and service apartemnt.
163,GWb@yahoo.com,success,2018-07-16:09:46:09,2018-07-18:21:12:43,5.0,2018-08-21:02:37:10,A incredible and non-residential hosue.
164,GlOrS@qq.com,success,2018-07-22:05:49:46,2018-07-24:14:30:12,4.0,2018-08-24:11:41:30,A cozy and stark hosue.
165,hSOTHAW75eSvpHQ@hotmail.com,success,2018-07-29:14:23:42,2018-07-31:02:03:43,4.0,2018-08-26:13:29:58,A original and tumbledown hosue.
166,IRk@hotmail.com,success,2018-07-14:05:48:09,2018-07-15:14:29:52,3.0,2018-08-19:10:47:06,A original and Corinthian apartemnt.
167,YEI9cUnp@hotmail.com,success,2018-07-28:23:15:55,2018-07-30:15:16:07,1.0,2018-08-17:16:10:40,"A graceful and furnished hosue. However, the poor customer service"
168,NCsx@qq.com,success,2018-08-06:01:40:53,2018-08-07:02:48:20,1.0,2018-08-24:05:31:28,"A unsurpassed and burnt-out hosue. However, the poor customer service"
169,FRz2gnJRvAxUeOP@qq.com,success,2018-07-13:23:17:13,2018-07-15:15:25:34,2.0,2018-08-19:21:14:00,"A geothermal and warm hosue. However, the poor customer service"
170,o4G5BhZBy3@hotmail.com,success,2018-07-29:23:59:22,2018-07-31:03:44:43,2.0,2018-08-29:07:20:17,"A stylish and lofty hosue. However, the poor customer service"
171,OE@gmail.com,success,2018-07-28:08:24:35,2018-07-30:14:22:39,1.0,2018-08-19:09:54:23,"A peaceful and brick-built hosue. However, the poor customer service"
172,KcDT6CG4L@163.com,success,2018-07-22:23:22:15,2018-07-24:08:46:14,3.0,2018-08-24:13:23:43,A turbine and split-level hosue.
173,b@qq.com,success,2018-07-23:08:55:38,2018-07-24:08:24:32,4.0,2018-08-29:17:03:54,A modern and low-rise hosue.
174,KrJnwtKufW5s@hotmail.com,success,2018-07-18:15:57:51,2018-07-20:05:41:35,1.0,2018-08-29:07:54:13,"A tasteful and handsome hosue. However, the poor customer service"
175,sTmyQJ8qBcsZSDZ@163.com,success,2018-07-13:14:21:27,2018-07-15:21:57:28,5.0,2018-08-21:15:44:52,A exciting and baronial hosue.
176,lQbQ3CR@hotmail.com,success,2018-07-26:11:34:42,2018-07-28:19:39:13,4.0,2018-08-25:13:19:35,A exciting and handsome hosue.
177,ZiNKHKtXlUHNYi2@yahoo.com,success,2018-07-14:01:57:41,2018-07-15:00:41:41,4.0,2018-09-02:09:53:58,A genuine and shuttered apartemnt.
178,QEokSMakhsbi@hotmail.com,success,2018-07-19:07:49:16,2018-07-21:12:09:22,5.0,2018-08-27:23:39:23,A versatile and timbered hosue.
179,DyQO1rR@163.com,success,2018-07-18:22:08:30,2018-07-20:22:30:53,5.0,2018-08-28:01:40:51,A stylish and modular apartemnt.
180,2iDn8E8@yahoo.com,success,2018-07-29:19:01:27,2018-07-31:02:13:03,1.0,2018-08-28:13:04:11,"A graceful and palatial hosue. However, the poor customer service"
181,nUpKSk5P4Xrgg@qq.com,success,2018-08-05:04:27:01,2018-08-07:10:07:55,5.0,2018-08-26:00:40:23,A historic and high-rise hosue.
182,WWwfX2U9LUSA@gmail.com,success,2018-08-05:05:55:29,2018-08-06:10:28:47,1.0,2018-09-04:11:20:23,"A imaginative and shuttered apartemnt. However, the poor customer service"
183,HvUw9xdfu8LsTSu@qq.com,success,2018-07-23:10:01:10,2018-07-25:18:53:45,5.0,2018-08-24:07:29:51,A responsible and modest hosue.
184,VaAw8UjxnZ@hotmail.com,success,2018-08-03:01:57:52,2018-08-04:04:58:21,2.0,2018-08-26:23:17:51,"A tasteful and colonial apartemnt. However, the poor customer service"
185,9qDKDEYe3KGF@163.com,success,2018-07-16:02:35:56,2018-07-18:17:26:17,1.0,2018-08-24:00:16:25,"A transformed and labyrinthine hosue. However, the poor customer service"
186,rqy5@hotmail.com,success,2018-07-31:16:29:03,2018-08-02:03:26:35,4.0,2018-09-01:08:41:42,A energy and covered apartemnt.
187,2kyZ@gmail.com,success,2018-08-06:15:21:38,2018-08-08:23:44:20,3.0,2018-09-01:23:01:08,A tranquil and spacious hosue.
188,ysd@yahoo.com,success,2018-08-04:21:02:24,2018-08-06:10:00:28,2.0,2018-08-29:11:26:10,"A stylish and sprawling hosue. However, the poor customer service"
189,GWb@yahoo.com,success,2018-08-09:03:43:36,2018-08-11:11:52:05,2.0,2018-08-25:03:19:51,"A historic and condemned apartemnt. However, the poor customer service"
190,pzCc8VTHHDs@gmail.com,success,2018-08-03:00:58:59,2018-08-04:20:16:46,3.0,2018-08-30:06:31:28,A original and baronial apartemnt.
191,KrJnwtKufW5s@hotmail.com,success,2018-07-24:03:39:25,2018-07-25:14:07:08,5.0,2018-08-28:16:33:40,A coordinated and shuttered apartemnt.
192,3jMCc9iyKjW@163.com,success,2018-07-28:04:51:03,2018-07-30:16:11:41,2.0,2018-08-27:00:49:30,"A timeless and service apartemnt. However, the poor customer service"
193,NsHu1@qq.com,success,2018-08-01:13:38:18,2018-08-03:00:25:34,5.0,2018-09-05:18:02:17,A charming and prefabricated hosue.
194,R1CHqeDWk@yahoo.com,success,2018-07-19:13:39:48,2018-07-21:17:57:31,4.0,2018-08-23:14:47:29,A sensible and Perpendicular hosue.
195,sTmyQJ8qBcsZSDZ@163.com,success,2018-07-21:08:51:54,2018-07-22:05:53:37,2.0,2018-08-28:22:35:20,"A magnificent and stark hosue. However, the poor customer service"
196,ouzt3xg8xvE@yahoo.com,success,2018-07-24:14:16:34,2018-07-26:21:03:45,2.0,2018-08-25:00:14:21,"A exquisite and modest hosue. However, the poor customer service"
197,mgEHh1WR6DRE5Mf@gmail.com,success,2018-08-03:11:33:19,2018-08-05:23:28:35,5.0,2018-08-28:22:45:27,A tranquil and tumbledown apartemnt.
198,YJOIgxQTWa@qq.com,success,2018-08-02:08:45:10,2018-08-04:14:16:56,3.0,2018-08-29:17:57:22,A economical and redbrick apartemnt.
199,kJ4ip3FOBvV@hotmail.com,success,2018-07-24:10:18:50,2018-07-26:01:48:34,3.0,2018-08-25:04:57:03,A graceful and spacious apartemnt.
200,Tsv@gmail.com,success,2018-08-03:01:06:07,2018-08-04:15:40:07,4.0,2018-08-28:19:24:44,A exciting and ruined apartemnt.
201,J1nWFjGf@qq.com,success,2018-07-29:07:28:34,2018-07-30:23:56:44,2.0,2018-09-05:21:39:03,"A energy and handsome hosue. However, the poor customer service"
202,R9ux@yahoo.com,success,2018-08-09:23:53:49,2018-08-11:07:59:31,3.0,2018-08-30:14:24:58,A secluded and Ionic apartemnt.
203,qDaXPO@yahoo.com,success,2018-08-05:07:24:50,2018-08-07:16:32:06,1.0,2018-09-09:09:59:04,"A sensible and dank hosue. However, the poor customer service"
204,o4G5BhZBy3@hotmail.com,success,2018-07-28:07:47:24,2018-07-30:04:20:14,4.0,2018-09-05:20:46:00,A graceful and handsome apartemnt.
205,jO9vhnkgxmlGW@hotmail.com,success,2018-08-12:13:03:10,2018-08-14:05:10:35,3.0,2018-08-28:12:20:08,A outstanding and redbrick hosue.
206,eBMK8YAtBZnI@163.com,success,2018-08-08:08:26:50,2018-08-10:07:57:49,5.0,2018-09-05:18:58:07,A unsurpassed and moated hosue.
207,NI@163.com,success,2018-08-06:07:10:09,2018-08-07:15:01:02,4.0,2018-09-02:07:01:20,A sustainable and moated hosue.
208,KhSjk2v@qq.com,success,2018-08-02:06:32:45,2018-08-03:08:44:19,2.0,2018-08-27:02:00:04,"A graceful and unoccupied apartemnt. However, the poor customer service"
209,NCsx@qq.com,success,2018-08-14:04:17:07,2018-08-15:14:40:08,3.0,2018-08-26:12:06:47,A stunning and condemned apartemnt.
210,zxxkMJ@gmail.com,success,2018-08-04:03:53:26,2018-08-05:23:15:23,3.0,2018-08-27:06:24:29,A charming and baronial apartemnt.
211,3Wf5G88MS8cMgqQ@163.com,success,2018-08-14:10:08:55,2018-08-16:17:23:29,1.0,2018-09-05:00:16:50,"A graceful and timbered apartemnt. However, the poor customer service"
212,ejmbXwFb3X8Kr@163.com,success,2018-08-14:02:05:21,2018-08-15:11:58:26,1.0,2018-09-05:20:26:17,"A character and brick-built hosue. However, the poor customer service"
213,o6mNDIf@hotmail.com,success,2018-08-14:16:41:47,2018-08-16:02:18:40,2.0,2018-09-08:22:30:27,"A versatile and half-timbered hosue. However, the poor customer service"
214,UKX@163.com,success,2018-07-27:09:23:40,2018-07-29:13:24:20,3.0,2018-09-06:10:45:14,A substantial and lofty apartemnt.
215,u87n@163.com,success,2018-08-05:21:25:54,2018-08-07:16:20:43,1.0,2018-09-05:03:27:08,"A dramatic and warm apartemnt. However, the poor customer service"
216,aclP@163.com,success,2018-08-07:06:41:07,2018-08-09:04:38:22,3.0,2018-09-05:05:10:35,A comfortable and darkened hosue.
217,jO9vhnkgxmlGW@hotmail.com,success,2018-08-15:12:48:50,2018-08-17:19:25:26,3.0,2018-08-30:04:18:40,A amazing and open-plan apartemnt.
218,qvmaFKggm91qEF@gmail.com,success,2018-08-05:16:13:34,2018-08-07:13:03:15,5.0,2018-09-04:08:12:16,A significant and open-plan hosue.
219,12THxPHQO9@qq.com,success,2018-08-10:06:17:18,2018-08-12:11:06:44,5.0,2018-09-02:03:28:57,A versatile and dilapidated hosue.
220,VX3foqr@gmail.com,success,2018-08-14:06:07:14,2018-08-15:21:21:50,5.0,2018-09-05:14:31:57,A dramatic and spacious apartemnt.
221,nUpKSk5P4Xrgg@qq.com,success,2018-07-31:08:34:16,2018-08-02:15:37:37,4.0,2018-08-29:01:41:51,A memorable and well-appointed hosue.
222,7o6o@gmail.com,success,2018-08-13:06:20:48,2018-08-15:17:21:51,5.0,2018-09-09:16:38:59,A historic and palatial hosue.
223,bFR@yahoo.com,success,2018-08-05:11:53:48,2018-08-07:20:28:29,3.0,2018-09-09:10:16:17,A authentic and modest apartemnt.
224,OE@gmail.com,success,2018-08-06:09:38:43,2018-08-08:02:30:58,1.0,2018-09-01:22:55:57,"A retreat and appointed apartemnt. However, the poor customer service"
225,UKX@163.com,success,2018-07-26:03:40:31,2018-07-28:18:07:35,2.0,2018-09-13:14:23:31,"A rare and ruined apartemnt. However, the poor customer service"
226,1LCd5XXRL5f@qq.com,success,2018-08-15:08:38:24,2018-08-17:05:26:10,3.0,2018-09-04:21:12:26,A elegant and moated hosue.
227,eBMK8YAtBZnI@163.com,success,2018-07-30:03:03:04,2018-07-31:13:35:21,2.0,2018-09-03:08:54:49,"A character and tumbledown hosue. However, the poor customer service"
228,b@qq.com,success,2018-08-04:17:29:20,2018-08-06:14:47:03,1.0,2018-09-06:04:16:31,"A sophisticated and timbered hosue. However, the poor customer service"
229,jL@yahoo.com,success,2018-08-03:00:04:59,2018-08-04:18:25:24,1.0,2018-09-06:14:32:09,"A elegant and unfurnished hosue. However, the poor customer service"
230,mgEHh1WR6DRE5Mf@gmail.com,success,2018-08-12:14:28:33,2018-08-14:04:06:50,3.0,2018-09-05:02:34:03,A glamorous and redbrick hosue.
231,VaAw8UjxnZ@hotmail.com,success,2018-08-19:09:22:29,2018-08-20:04:05:22,4.0,2018-09-07:08:00:38,A geothermal and timbered hosue.
232,qGE5Uyv@gmail.com,success,2018-08-03:19:18:52,2018-08-05:20:43:06,2.0,2018-09-06:11:45:51,"A geothermal and dilapidated apartemnt. However, the poor customer service"
233,FRz2gnJRvAxUeOP@qq.com,success,2018-08-15:10:46:17,2018-08-17:17:22:48,4.0,2018-09-12:23:18:54,A colorful and spacious apartemnt.
234,qvmaFKggm91qEF@gmail.com,success,2018-08-10:18:24:04,2018-08-12:15:32:17,3.0,2018-09-07:01:56:49,A dynamic and redbrick hosue.
235,2iDn8E8@yahoo.com,success,2018-07-29:13:34:52,2018-07-31:23:15:44,5.0,2018-09-09:04:44:00,A versatile and comfortable apartemnt.
236,o4G5BhZBy3@hotmail.com,success,2018-07-31:04:38:24,2018-08-01:09:40:26,3.0,2018-09-14:03:08:09,A spectacular and prefabricated hosue.
237,PTUyWust1Bvwnp@gmail.com,success,2018-08-03:14:22:14,2018-08-05:11:43:42,1.0,2018-09-03:15:12:56,"A impeccable and palatial apartemnt. However, the poor customer service"
238,tlpIOtm6SbUsYD@yahoo.com,success,2018-08-18:06:27:24,2018-08-20:05:45:32,2.0,2018-09-04:18:31:02,"A rare and snug hosue. However, the poor customer service"
239,5L5B4sydMr2y@gmail.com,success,2018-08-15:21:16:38,2018-08-17:02:57:27,4.0,2018-09-08:04:32:39,A spectacular and service apartemnt.
240,1tYQg6ARrxk3y@yahoo.com,success,2018-07-29:16:49:53,2018-07-31:22:30:37,1.0,2018-09-17:08:35:38,"A fresh and tumbledown apartemnt. However, the poor customer service"
241,QEokSMakhsbi@hotmail.com,success,2018-08-03:07:09:07,2018-08-05:20:30:28,3.0,2018-09-07:01:19:12,A peaceful and long-stay hosue.
242,12THxPHQO9@qq.com,success,2018-08-10:17:41:42,2018-08-12:18:35:55,4.0,2018-09-08:06:29:21,A transformed and covered apartemnt.
243,nUpKSk5P4Xrgg@qq.com,success,2018-08-18:18:59:10,2018-08-20:08:09:39,5.0,2018-09-08:03:36:58,A transformed and self-contained apartemnt.
244,725G1BqiIf2meC@hotmail.com,success,2018-08-21:02:59:50,2018-08-23:00:42:23,2.0,2018-09-14:09:14:54,"A vibrant and tumbledown apartemnt. However, the poor customer service"
245,75Y2p@gmail.com,success,2018-08-12:02:39:18,2018-08-14:17:52:55,2.0,2018-09-12:02:39:42,"A timeless and gabled hosue. However, the poor customer service"
246,o4G5BhZBy3@hotmail.com,success,2018-08-13:04:32:29,2018-08-14:04:31:46,5.0,2018-09-18:15:08:52,A classic and curtained-off hosue.
247,R9ux@yahoo.com,success,2018-08-05:11:32:11,2018-08-06:00:22:22,4.0,2018-09-13:21:46:55,A substantial and gabled hosue.
248,zcEBBWlI0orFFlM@163.com,success,2018-08-17:17:13:26,2018-08-19:22:14:29,4.0,2018-09-07:05:26:55,A stunning and beachfront hosue.
249,ejmbXwFb3X8Kr@163.com,success,2018-08-02:12:13:23,2018-08-04:21:19:04,5.0,2018-09-14:14:10:43,A turbine and self-contained apartemnt.
250,hSOTHAW75eSvpHQ@hotmail.com,success,2018-08-06:09:11:54,2018-08-08:23:10:20,4.0,2018-09-08:12:56:24,A excellent and appointed hosue.
251,2iDn8E8@yahoo.com,success,2018-08-16:01:47:07,2018-08-17:19:18:30,1.0,2018-09-12:13:35:28,"A secluded and non-residential hosue. However, the poor customer service"
252,QH7OrLIz2Hqq@qq.com,success,2018-08-13:08:26:58,2018-08-15:10:54:02,5.0,2018-09-13:05:12:29,A imaginative and darkened apartemnt.
253,ysd@yahoo.com,success,2018-08-14:08:41:52,2018-08-16:19:55:56,5.0,2018-09-15:00:05:11,A solar and appointed hosue.
254,IRk@hotmail.com,success,2018-08-19:06:38:31,2018-08-20:23:33:23,4.0,2018-09-20:02:36:52,A eclectic and burnt-out apartemnt.
255,VaAw8UjxnZ@hotmail.com,success,2018-08-23:09:26:56,2018-08-25:21:19:45,4.0,2018-09-14:18:48:04,A rare and colonial apartemnt.
256,J1nWFjGf@qq.com,success,2018-08-18:11:35:52,2018-08-19:11:20:22,1.0,2018-09-15:02:56:41,"A innovative and shuttered apartemnt. However, the poor customer service"
257,VX3foqr@gmail.com,success,2018-08-19:01:33:58,2018-08-20:22:19:53,4.0,2018-09-12:02:36:23,A paradise and derelict apartemnt.
258,3jMCc9iyKjW@163.com,success,2018-08-25:18:28:07,2018-08-27:09:42:46,3.0,2018-09-10:11:10:13,A imaginative and well-appointed apartemnt.
259,GWb@yahoo.com,success,2018-08-19:11:21:07,2018-08-21:14:12:10,5.0,2018-09-12:00:52:24,A character and half-timbered hosue.
260,kX3sG836Tw9Tl@hotmail.com,success,2018-08-05:08:01:32,2018-08-06:05:18:18,1.0,2018-09-22:23:44:32,"A authentic and rambling hosue. However, the poor customer service"
261,JLGaMuH@yahoo.com,success,2018-08-11:10:02:02,2018-08-12:20:13:18,4.0,2018-09-16:01:00:55,A cozy and palatial apartemnt.
262,2kyZ@gmail.com,success,2018-08-16:23:47:45,2018-08-18:17:21:02,4.0,2018-09-19:15:12:53,A paradise and handsome apartemnt.
263,An5WAxLlyO2@gmail.com,success,2018-08-09:04:47:43,2018-08-10:06:13:41,1.0,2018-09-10:15:22:23,"A historic and moated apartemnt. However, the poor customer service"
264,WWwfX2U9LUSA@gmail.com,success,2018-08-19:12:24:10,2018-08-21:17:55:21,5.0,2018-09-12:09:55:47,A spectacular and burnt-out apartemnt.
265,HDbeEQbo9@163.com,success,2018-08-12:03:45:40,2018-08-14:06:45:26,4.0,2018-09-18:15:19:31,A efficient and ensuite apartemnt.
266,75Y2p@gmail.com,success,2018-08-26:05:47:08,2018-08-28:12:01:58,2.0,2018-09-17:18:39:06,"A upscale and open-plan apartemnt. However, the poor customer service"
267,xVNEqhjFpEU@163.com,success,2018-08-21:20:41:42,2018-08-23:19:52:44,3.0,2018-09-11:05:22:42,A charming and vaulted hosue.
268,YJOIgxQTWa@qq.com,success,2018-08-04:15:23:38,2018-08-06:11:52:54,5.0,2018-09-19:02:40:49,A practical and redbrick apartemnt.
269,ZeGf@qq.com,success,2018-08-20:06:10:08,2018-08-22:07:53:11,4.0,2018-09-22:05:19:37,A ideal and prefab hosue.
270,ym03DkPQUSHVz@qq.com,success,2018-08-28:19:37:48,2018-08-30:15:42:39,3.0,2018-09-23:13:20:47,A unique and semi-detached apartemnt.
271,KHojy@qq.com,success,2018-08-24:10:12:04,2018-08-25:02:16:56,3.0,2018-09-20:03:29:21,A substantial and dank hosue.
272,ymxX@163.com,success,2018-08-28:03:39:26,2018-08-29:18:58:37,3.0,2018-09-28:20:21:33,A glamorous and furnished apartemnt.
273,GlOrS@qq.com,success,2018-08-21:11:08:19,2018-08-23:04:54:25,5.0,2018-09-12:08:19:21,A secluded and covered apartemnt.
274,mgEHh1WR6DRE5Mf@gmail.com,success,2018-08-19:16:16:29,2018-08-21:14:43:10,3.0,2018-09-25:15:40:00,A geothermal and modular apartemnt.
275,6sKh8X0w6x8fne@163.com,success,2018-08-14:21:31:21,2018-08-16:16:00:24,4.0,2018-09-16:16:52:25,A prestigious and detached hosue.
276,T1YnGxacjXHj@gmail.com,success,2018-08-18:11:50:53,2018-08-19:23:48:21,2.0,2018-09-21:13:42:06,"A authentic and labyrinthine apartemnt. However, the poor customer service"
277,wKip0M@qq.com,success,2018-08-20:17:14:22,2018-08-22:11:48:29,2.0,2018-09-17:21:13:48,"A amazing and sprawling hosue. However, the poor customer service"
278,7o6o@gmail.com,success,2018-08-16:11:49:00,2018-08-18:21:12:08,2.0,2018-09-26:02:26:01,"A historic and half-timbered apartemnt. However, the poor customer service"
279,sGe5yiFP@gmail.com,success,2018-08-18:16:38:14,2018-08-20:03:14:41,4.0,2018-09-15:09:18:25,A energy and Perpendicular apartemnt.
280,YJOIgxQTWa@qq.com,success,2018-08-11:10:03:48,2018-08-12:01:53:50,1.0,2018-09-21:10:29:54,"A peaceful and rambling hosue. However, the poor customer service"
281,pzCc8VTHHDs@gmail.com,success,2018-08-17:11:45:17,2018-08-18:15:06:28,3.0,2018-09-17:23:48:06,A turbine and warm apartemnt.
282,NCsx@qq.com,success,2018-08-18:01:01:54,2018-08-19:03:14:23,5.0,2018-09-16:23:36:11,A versatile and sprawling apartemnt.
283,ejmbXwFb3X8Kr@163.com,success,2018-08-20:18:02:05,2018-08-22:13:47:07,5.0,2018-09-19:22:27:59,A green and burnt-out hosue.
284,qvmaFKggm91qEF@gmail.com,success,2018-08-16:14:46:57,2018-08-18:21:49:15,1.0,2018-09-29:19:16:55,"A eclectic and low-rise hosue. However, the poor customer service"
285,o4G5BhZBy3@hotmail.com,success,2018-08-18:21:17:21,2018-08-20:03:19:17,3.0,2018-09-29:04:01:46,A stunning and snug hosue.
286,2@hotmail.com,success,2018-09-01:18:13:41,2018-09-03:18:28:09,5.0,2018-09-29:03:38:08,A stunning and high-rise hosue.
287,3jMCc9iyKjW@163.com,success,2018-08-18:05:55:03,2018-08-20:09:05:15,3.0,2018-09-29:11:54:31,A practical and condemned hosue.
288,R1CHqeDWk@yahoo.com,success,2018-08-16:19:27:13,2018-08-18:21:08:10,3.0,2018-09-15:19:28:11,A prestigious and secure apartemnt.
289,6sKh8X0w6x8fne@163.com,success,2018-08-19:22:52:06,2018-08-21:00:08:31,3.0,2018-09-23:21:09:40,A rare and appointed apartemnt.
290,GWb@yahoo.com,success,2018-08-31:04:19:01,2018-09-02:08:16:04,4.0,2018-09-27:11:02:35,A soothing and Romanesque apartemnt.
291,zxxkMJ@gmail.com,success,2018-08-26:13:12:05,2018-08-28:15:56:14,3.0,2018-09-23:08:18:16,A tranquil and dank hosue.
292,NsHu1@qq.com,success,2018-08-23:19:08:28,2018-08-25:00:22:23,3.0,2018-09-25:22:18:23,A original and redbrick hosue.
293,9qDKDEYe3KGF@163.com,success,2018-08-29:20:13:24,2018-08-31:07:44:56,4.0,2018-09-22:19:26:05,A practical and spacious hosue.
294,Tsv@gmail.com,success,2018-08-29:08:29:44,2018-08-30:07:07:29,1.0,2018-09-22:02:48:18,"A exciting and darkened hosue. However, the poor customer service"
295,NI@163.com,success,2018-08-14:06:33:24,2018-08-15:17:35:54,2.0,2018-09-25:04:02:50,"A transformed and sprawling apartemnt. However, the poor customer service"
296,PTUyWust1Bvwnp@gmail.com,success,2018-08-16:12:25:17,2018-08-18:13:03:57,5.0,2018-09-23:06:48:47,A elegant and vaulted hosue.
297,qDaXPO@yahoo.com,success,2018-08-22:06:34:40,2018-08-23:09:02:32,3.0,2018-09-25:04:19:46,A energy and sprawling apartemnt.
298,QH7OrLIz2Hqq@qq.com,success,2018-08-16:03:30:31,2018-08-17:12:26:10,5.0,2018-09-24:17:46:32,A incredible and baronial hosue.
299,ZeGf@qq.com,success,2018-08-26:12:35:29,2018-08-28:09:40:55,1.0,2018-09-22:06:47:15,"A memorable and comfortable hosue. However, the poor customer service"
300,sGe5yiFP@gmail.com,success,2018-09-06:03:49:43,2018-09-07:16:45:52,5.0,2018-10-05:17:21:58,A upscale and furnished hosue.
301,bFR@yahoo.com,success,2018-08-18:19:14:01,2018-08-20:19:48:46,3.0,2018-09-28:18:04:42,A incredible and unfurnished hosue.
302,YJOIgxQTWa@qq.com,success,2018-08-24:18:06:43,2018-08-26:08:51:20,4.0,2018-09-22:10:48:30,A memorable and modular apartemnt.
303,3jMCc9iyKjW@163.com,success,2018-09-02:06:43:40,2018-09-03:06:09:35,4.0,2018-10-02:07:54:31,A efficient and unfurnished apartemnt.
304,kJ4ip3FOBvV@hotmail.com,success,2018-08-23:11:35:52,2018-08-24:02:37:52,1.0,2018-10-03:02:26:09,"A innovative and dilapidated hosue. However, the poor customer service"
305,hE9sLi@163.com,success,2018-08-18:20:58:34,2018-08-20:01:28:47,2.0,2018-09-28:16:38:34,"A cozy and cavernous apartemnt. However, the poor customer service"
306,sTmyQJ8qBcsZSDZ@163.com,success,2018-08-23:22:02:36,2018-08-25:14:05:18,4.0,2018-09-24:22:11:55,A genuine and palatial hosue.
307,mgEHh1WR6DRE5Mf@gmail.com,success,2018-08-18:23:49:37,2018-08-20:10:27:01,2.0,2018-09-24:08:02:36,"A amazing and handsome apartemnt. However, the poor customer service"
308,t7iKMaGnLYdqW@yahoo.com,success,2018-09-06:09:54:49,2018-09-07:19:26:55,5.0,2018-09-26:10:18:19,A modern and snug hosue.
309,NCsx@qq.com,success,2018-08-25:04:38:39,2018-08-26:14:52:58,1.0,2018-09-25:23:46:08,"A unique and service apartemnt. However, the poor customer service"
310,Px2Rr@163.com,success,2018-09-03:19:54:25,2018-09-05:18:17:56,4.0,2018-10-02:13:14:32,A exciting and labyrinthine apartemnt.
311,725G1BqiIf2meC@hotmail.com,success,2018-08-24:17:10:21,2018-08-26:12:36:13,3.0,2018-09-30:14:32:49,A memorable and well-appointed apartemnt.
312,jL@yahoo.com,success,2018-08-18:01:08:55,2018-08-19:07:31:37,1.0,2018-10-05:09:02:07,"A tasteful and service hosue. However, the poor customer service"
313,aclP@163.com,success,2018-08-31:10:33:40,2018-09-01:19:13:03,1.0,2018-09-25:17:42:43,"A exquisite and rambling hosue. However, the poor customer service"
314,zxxkMJ@gmail.com,success,2018-09-10:03:54:46,2018-09-12:20:24:18,4.0,2018-09-30:14:41:50,A economical and dilapidated hosue.
315,SE9@yahoo.com,success,2018-08-19:01:28:33,2018-08-20:00:15:53,4.0,2018-09-24:09:34:15,A elaborate and Corinthian apartemnt.
316,BrdZv1rr9@qq.com,success,2018-09-05:21:16:34,2018-09-07:09:23:30,4.0,2018-10-04:21:08:12,A imaginative and furnished apartemnt.
317,o4G5BhZBy3@hotmail.com,success,2018-08-24:17:30:27,2018-08-26:02:24:30,2.0,2018-10-01:04:15:02,"A private and timbered apartemnt. However, the poor customer service"
318,R1CHqeDWk@yahoo.com,success,2018-09-05:06:06:57,2018-09-06:05:22:58,4.0,2018-09-25:00:00:00,A innovative and moated apartemnt.
319,ymxX@163.com,success,2018-09-03:07:49:14,2018-09-05:05:27:58,3.0,2018-09-30:05:25:29,A tasteful and gabled apartemnt.
320,xVNEqhjFpEU@163.com,success,2018-08-27:10:40:16,2018-08-29:06:43:11,4.0,2018-09-25:16:31:46,A economical and covered hosue.
321,ysd@yahoo.com,success,2018-09-05:00:32:40,2018-09-06:21:42:51,5.0,2018-10-05:05:13:51,A personality and curtained-off apartemnt.
322,YJOIgxQTWa@qq.com,success,2018-08-25:10:34:21,2018-08-27:22:46:32,2.0,2018-09-25:04:44:25,"A textured and Ionic apartemnt. However, the poor customer service"
323,T1YnGxacjXHj@gmail.com,success,2018-09-10:20:50:45,2018-09-12:10:30:13,2.0,2018-10-01:22:07:08,"A responsible and spacious hosue. However, the poor customer service"
324,ejmbXwFb3X8Kr@163.com,success,2018-09-07:03:46:55,2018-09-08:21:17:47,3.0,2018-10-04:09:13:31,A authentic and Corinthian apartemnt.
325,bFR@yahoo.com,success,2018-09-11:18:38:09,2018-09-13:04:43:23,4.0,2018-09-27:02:44:53,A luxurious and furnished apartemnt.
326,NI@163.com,success,2018-08-31:20:36:48,2018-09-02:10:56:50,3.0,2018-09-29:07:09:54,A unique and open-plan apartemnt.
327,2kyZ@gmail.com,success,2018-09-09:22:23:33,2018-09-11:06:43:10,5.0,2018-10-06:02:27:09,A outstanding and stark hosue.
328,KrJnwtKufW5s@hotmail.com,success,2018-09-10:23:00:32,2018-09-12:06:35:22,3.0,2018-09-29:23:47:03,A private and half-timbered apartemnt.
329,e3OW@qq.com,success,2018-09-09:06:05:12,2018-09-11:23:23:42,4.0,2018-10-08:01:55:44,A graceful and condemned hosue.
330,ZiNKHKtXlUHNYi2@yahoo.com,success,2018-09-04:06:50:06,2018-09-05:19:53:27,2.0,2018-10-01:23:45:27,"A spectacular and sprawling hosue. However, the poor customer service"
331,b@hotmail.com,success,2018-08-25:06:25:17,2018-08-27:12:35:29,4.0,2018-10-06:11:14:12,A charming and labyrinthine apartemnt.
332,sGe5yiFP@gmail.com,success,2018-09-02:06:18:37,2018-09-03:16:09:19,3.0,2018-10-04:22:10:04,A rare and handsome hosue.
333,BrdZv1rr9@qq.com,success,2018-09-14:10:21:49,2018-09-15:09:57:07,5.0,2018-10-03:23:43:52,A comfortable and lofty hosue.
334,2iDn8E8@yahoo.com,success,2018-09-05:20:47:53,2018-09-07:11:01:51,2.0,2018-09-29:00:00:00,"A energy and colonial apartemnt. However, the poor customer service"
335,UKX@163.com,success,2018-09-10:14:51:49,2018-09-12:03:16:03,4.0,2018-10-03:08:24:50,A elegant and burnt-out apartemnt.
336,JT@163.com,success,2018-09-06:06:41:11,2018-09-08:19:32:32,1.0,2018-09-29:01:24:20,"A exquisite and stark hosue. However, the poor customer service"
337,qDaXPO@yahoo.com,success,2018-09-05:03:27:00,2018-09-06:21:20:21,2.0,2018-09-27:00:00:00,"A outstanding and dilapidated apartemnt. However, the poor customer service"
338,T1YnGxacjXHj@gmail.com,success,2018-09-16:16:34:32,2018-09-18:05:26:10,5.0,2018-10-08:09:17:08,A turbine and condemned apartemnt.
339,3jMCc9iyKjW@163.com,success,2018-09-06:17:28:52,2018-09-08:20:17:09,2.0,2018-10-06:06:08:25,"A upscale and semi-detached apartemnt. However, the poor customer service"
340,VaAw8UjxnZ@hotmail.com,success,2018-09-01:01:22:22,2018-09-02:08:21:06,5.0,2018-09-30:00:00:00,A substantial and rambling hosue.
341,Px2Rr@163.com,success,2018-09-10:00:10:12,2018-09-11:23:05:40,1.0,2018-09-27:00:00:00,"A historic and appointed apartemnt. However, the poor customer service"
342,5OQ1JW@hotmail.com,success,2018-09-14:03:40:32,2018-09-15:20:52:36,3.0,2018-10-03:17:29:39,A authentic and derelict hosue.
343,lQbQ3CR@hotmail.com,success,2018-09-14:11:41:00,2018-09-15:06:44:44,1.0,2018-09-29:00:00:00,"A coordinated and split-level hosue. However, the poor customer service"
344,ouzt3xg8xvE@yahoo.com,success,2018-09-10:15:52:19,2018-09-12:12:18:22,5.0,2018-10-06:07:20:27,A inviting and appointed hosue.
345,u87n@163.com,success,2018-09-16:06:59:39,2018-09-18:22:19:26,4.0,2018-10-05:07:41:35,A coordinated and lofty hosue.
346,zxxkMJ@gmail.com,success,2018-09-02:11:51:44,2018-09-03:06:44:00,4.0,2018-09-30:00:00:00,A genuine and modular apartemnt.
347,PTUyWust1Bvwnp@gmail.com,success,2018-08-28:11:25:37,2018-08-30:14:48:01,1.0,2018-10-01:00:00:00,"A modern and beachfront apartemnt. However, the poor customer service"
348,KHojy@qq.com,success,2018-08-25:23:55:18,2018-08-27:13:44:01,2.0,2018-10-08:03:49:05,"A original and modest apartemnt. However, the poor customer service"
349,5L5B4sydMr2y@gmail.com,success,2018-08-26:15:37:10,2018-08-28:06:39:34,4.0,2018-10-05:15:17:33,A character and carpeted apartemnt.
350,7o6o@gmail.com,success,2018-09-06:03:45:28,2018-09-08:08:23:35,5.0,2018-09-30:00:30:41,A coordinated and comfortable hosue.
351,725G1BqiIf2meC@hotmail.com,success,2018-09-14:08:33:02,2018-09-15:02:39:54,4.0,2018-10-07:13:01:20,A stylish and vaulted apartemnt.
352,hSOTHAW75eSvpHQ@hotmail.com,success,2018-09-02:06:41:18,2018-09-04:10:04:22,5.0,2018-10-04:00:44:19,A glamorous and ruined apartemnt.
353,5PQCl@gmail.com,success,2018-09-19:22:59:17,2018-09-21:21:17:13,3.0,2018-10-02:00:00:00,A transformed and curtained-off apartemnt.
354,b@qq.com,success,2018-09-12:03:33:55,2018-09-14:17:24:16,3.0,2018-10-05:00:46:16,A elegant and condemned hosue.
355,o4G5BhZBy3@hotmail.com,success,2018-09-01:10:52:07,2018-09-02:13:14:13,5.0,2018-10-01:00:00:00,A memorable and gabled apartemnt.
356,NCsx@qq.com,success,2018-09-05:16:11:25,2018-09-07:12:36:47,1.0,2018-10-07:17:20:45,"A dynamic and labyrinthine apartemnt. However, the poor customer service"
357,VX3foqr@gmail.com,success,2018-09-20:04:58:08,2018-09-22:13:35:49,2.0,2018-10-04:00:00:00,"A glamorous and condemned apartemnt. However, the poor customer service"
358,qvmaFKggm91qEF@gmail.com,success,2018-09-05:04:56:23,2018-09-07:13:34:24,3.0,2018-10-04:00:00:00,A historic and open-plan apartemnt.
359,HDbeEQbo9@163.com,success,2018-09-03:01:27:33,2018-09-04:23:35:52,4.0,2018-10-04:00:00:00,A practical and tumbledown hosue.
360,m@yahoo.com,success,2018-09-12:19:27:31,2018-09-14:04:54:29,3.0,2018-10-05:00:00:00,A charming and burnt-out apartemnt.
361,7o6o@gmail.com,success,2018-09-19:13:44:59,2018-09-21:00:27:37,3.0,2018-10-06:00:00:00,A genuine and curtained-off hosue.
362,xVNEqhjFpEU@163.com,success,2018-09-08:05:39:19,2018-09-10:02:07:00,3.0,2018-10-06:00:00:00,A inviting and carpeted hosue.
363,DyQO1rR@163.com,success,2018-09-15:11:45:49,2018-09-17:02:42:18,2.0,2018-10-06:00:00:00,"A elaborate and Perpendicular hosue. However, the poor customer service"
364,KrJnwtKufW5s@hotmail.com,success,2018-08-30:04:24:22,2018-09-01:07:57:41,5.0,2018-10-05:00:00:00,A historic and Romanesque hosue.
365,JT@163.com,success,2018-09-16:11:57:07,2018-09-18:22:13:21,2.0,2018-10-07:00:00:00,"A elegant and brick-built hosue. However, the poor customer service"
366,sTmyQJ8qBcsZSDZ@163.com,success,2018-09-24:08:44:53,2018-09-26:17:19:17,2.0,2018-10-04:00:00:00,"A charming and palatial hosue. However, the poor customer service"
367,eBMK8YAtBZnI@163.com,success,2018-09-09:10:06:36,2018-09-10:05:28:05,1.0,2018-10-07:00:00:00,"A sensational and stark apartemnt. However, the poor customer service"
368,p6BxSTgaMUh@qq.com,success,2018-09-11:11:39:57,2018-09-13:00:07:00,3.0,2018-10-07:00:00:00,A cozy and gabled hosue.
369,HvUw9xdfu8LsTSu@qq.com,success,2018-09-24:04:17:00,2018-09-26:22:52:31,1.0,2018-10-07:00:00:00,"A sophisticated and unoccupied hosue. However, the poor customer service"
370,o4G5BhZBy3@hotmail.com,success,2018-09-20:07:02:09,2018-09-22:17:16:23,1.0,2018-10-08:01:00:00,"A inviting and spacious apartemnt. However, the poor customer service"
371,JLGaMuH@yahoo.com,success,2018-09-05:20:23:29,2018-09-07:16:50:19,2.0,2018-10-09:01:00:00,"A amazing and moated hosue. However, the poor customer service"
372,2@hotmail.com,success,2018-09-08:14:44:34,2018-09-10:06:48:48,2.0,2018-10-07:00:00:00,"A textured and well-appointed hosue. However, the poor customer service"
373,UKX@163.com,success,2018-09-22:16:03:00,2018-09-24:15:59:20,2.0,2018-10-08:01:00:00,"A paradise and long-stay apartemnt. However, the poor customer service"
374,An5WAxLlyO2@gmail.com,success,2018-09-20:13:52:01,2018-09-22:22:06:31,5.0,2018-10-08:01:00:00,A responsible and split-level hosue.
375,OE@gmail.com,success,2018-09-05:17:43:55,2018-09-07:14:12:18,3.0,2018-10-09:01:00:00,A original and palatial apartemnt.
376,e3OW@qq.com,success,2018-09-17:04:23:54,2018-09-18:04:18:22,1.0,2018-10-09:01:00:00,"A inviting and lofty apartemnt. However, the poor customer service"
377,kX3sG836Tw9Tl@hotmail.com,success,2018-09-23:21:00:01,2018-09-25:22:47:21,,None,None
378,6sKh8X0w6x8fne@163.com,success,2018-09-09:23:17:53,2018-09-11:05:07:08,,None,None
379,SE9@yahoo.com,success,2018-09-18:14:06:20,2018-09-20:12:33:35,,None,None
380,bFR@yahoo.com,success,2018-09-19:04:20:50,2018-09-20:06:32:51,2.0,2018-10-09:01:00:00,"A personality and long-stay hosue. However, the poor customer service"
381,ejmbXwFb3X8Kr@163.com,success,2018-09-18:11:09:09,2018-09-19:13:29:08,4.0,2018-10-09:01:00:00,A stylish and ensuite hosue.
382,VaAw8UjxnZ@hotmail.com,success,2018-09-29:10:25:10,2018-09-30:19:05:36,,None,None
383,BrdZv1rr9@qq.com,success,2018-09-16:10:14:54,2018-09-17:06:33:54,,None,None
384,jL@yahoo.com,success,2018-09-10:19:12:17,2018-09-12:15:26:19,,None,None
385,sGe5yiFP@gmail.com,success,2018-09-12:03:55:10,2018-09-14:12:54:33,,None,None
386,zcEBBWlI0orFFlM@163.com,success,2018-09-23:15:54:45,2018-09-25:14:33:34,,None,None
387,Px2Rr@163.com,success,2018-09-14:05:30:20,2018-09-16:14:04:19,,None,None
388,m@yahoo.com,success,2018-09-30:03:17:57,2018-10-02:08:47:18,,None,None
389,ym03DkPQUSHVz@qq.com,success,2018-09-15:17:34:56,2018-09-17:15:06:37,,None,None
390,KcDT6CG4L@163.com,success,2018-09-13:08:47:27,2018-09-14:15:29:01,,None,None
391,UKX@163.com,success,2018-09-20:02:52:09,2018-09-22:11:51:33,,None,None
392,F3AW58Ge@qq.com,success,2018-09-23:02:40:22,2018-09-24:02:24:26,,None,None
393,VX3foqr@gmail.com,success,2018-09-17:02:27:43,2018-09-18:22:44:28,,None,None
394,7o6o@gmail.com,success,2018-09-29:14:15:59,2018-10-01:11:11:57,,None,None
395,t7iKMaGnLYdqW@yahoo.com,success,2018-09-11:02:18:48,2018-09-12:20:53:01,,None,None
396,ymxX@163.com,success,2018-09-18:04:20:02,2018-09-20:10:06:30,,None,None
397,PTUyWust1Bvwnp@gmail.com,success,2018-09-10:07:52:31,2018-09-11:05:39:05,,None,None
398,lunBZOgMyA3A2@163.com,success,2018-09-09:07:08:04,2018-09-11:12:58:58,,None,None
399,sTmyQJ8qBcsZSDZ@163.com,pending,2018-10-08:11:17:41,None,,None,None
400,R9ux@yahoo.com,success,2018-09-27:06:48:29,2018-09-29:20:57:37,,None,None
401,YEI9cUnp@hotmail.com,success,2018-09-18:04:42:13,2018-09-19:02:47:22,,None,None
402,Tsv@gmail.com,pending,2018-10-07:23:12:46,None,,None,None
403,nUpKSk5P4Xrgg@qq.com,success,2018-09-14:17:36:45,2018-09-16:13:17:32,,None,None
404,NI@163.com,pending,2018-10-08:01:17:42,None,,None,None
405,3Wf5G88MS8cMgqQ@163.com,pending,2018-10-07:16:44:02,None,,None,None
406,eBMK8YAtBZnI@163.com,pending,2018-10-08:01:56:05,None,,None,None
407,root@gmail.com,pending,2018-10-07:18:27:47,None,,None,None
408,3jMCc9iyKjW@163.com,pending,2018-10-08:09:22:33,None,,None,None
409,UKX@163.com,pending,2018-10-07:19:44:38,None,,None,None
410,pzCc8VTHHDs@gmail.com,pending,2018-10-08:00:43:04,None,,None,None
411,6sKh8X0w6x8fne@163.com,pending,2018-10-07:14:34:57,None,,None,None
412,zxxkMJ@gmail.com,pending,2018-10-07:20:35:52,None,,None,None
413,725G1BqiIf2meC@hotmail.com,pending,2018-10-08:10:42:37,None,,None,None
414,J1nWFjGf@qq.com,pending,2018-10-07:14:10:51,None,,None,None
415,lQbQ3CR@hotmail.com,pending,2018-10-08:02:54:24,None,,None,None
416,KcDT6CG4L@163.com,pending,2018-10-08:04:49:52,None,,None,None
417,An5WAxLlyO2@gmail.com,pending,2018-10-07:14:06:47,None,,None,None
418,m@yahoo.com,pending,2018-10-07:16:53:30,None,,None,None
419,jO9vhnkgxmlGW@hotmail.com,pending,2018-10-08:01:30:43,None,,None,None
