_id,password,firstName,lastName,gender,phone
2@hotmail.com,WKEVcHcuGQJaV,Giuseppina,Placko,male,0465998035
HDbeEQbo9@163.com,ICBzhnUivLfL,Oren,Mcginley,male,0410141236
Db@gmail.com,3JeYuBpceZMUN,Jacob,Lefler,female,0406923697
rqy5@hotmail.com,BqfyiJ3bRlDoL,Mable,Nakken,female,0495690350
b@hotmail.com,SpPuCD7lYZNf89l,Clemencia,Desha,female,0428326676
ZeGf@qq.com,KCI4pXIZgUS26t,Lemuel,Fiorentini,female,0409374186
5L5B4sydMr2y@gmail.com,ZIpTx1UvIvR7TDK,Carey,Ponciano,female,0413162746
YJOIgxQTWa@qq.com,yGlySYO082w,Emory,Flahaven,male,0469842988
tlpIOtm6SbUsYD@yahoo.com,Spf8cua1Yn8asUN,Fletcher,Vanderwoude,female,0487213666
6sKh8X0w6x8fne@163.com,NTsepJi65peo,Quentin,Lapari,female,0405091697
ysd@yahoo.com,sCXjKyl8G3USe4Bx,Ladawn,Fleener,male,0429339262
t7iKMaGnLYdqW@yahoo.com,iIfWmQw8ZzZKwnxg,Trinh,More,female,0444797877
2iDn8E8@yahoo.com,1yxKoTF7fmQ,Tosha,Steier,male,0403722421
75Y2p@gmail.com,oWWffbFtp4Y3O7s,Carola,Riede,male,0444928850
sGe5yiFP@gmail.com,wsf0UA7J30SwNpQi,Sirena,Sell,female,0430162452
b@qq.com,AZEfn6pW9,Caroline,Naqvi,female,0476519536
IRk@hotmail.com,QI31Aki8n9,Linwood,Rogne,female,0489224088
hSOTHAW75eSvpHQ@hotmail.com,al5oy8H6ui2pA,Romeo,Luzinski,male,0476402788
JLGaMuH@yahoo.com,jqX3M34q0FqRSuHG,Florentina,Mcnamer,female,0453066867
KhSjk2v@qq.com,RTYe8UvwPn8,Wiley,Daller,female,0444611458
kX3sG836Tw9Tl@hotmail.com,ugp0z9QUT,Desirae,Breckley,female,0407621820
eBMK8YAtBZnI@163.com,VQw88Uxq8E9t,Corinne,Graver,male,0459409415
fszRaDYAnBBIf0@163.com,nOAIhkmPq9EzqjW9,Kris,Bougie,male,0459841189
jA@gmail.com,Hhsj2k09,Darleen,Amero,male,0482014832
pzCc8VTHHDs@gmail.com,qZXrmvCXsXAHPnsi,Juan,Liberatore,male,0461689152
NsHu1@qq.com,k9iPNRZ6AWTidn,Chun,Rohs,male,0476065414
2kyZ@gmail.com,LfaOA26UU6KcBLQS,Franklin,Gochett,female,0460987987
hE9sLi@163.com,0xSuhSDu2kITApNh,Elouise,Herms,male,0493836197
wKip0M@qq.com,AEWWySJqdgF,Basil,Lapointe,female,0424265704
m@yahoo.com,dXzTNs3oUH5Plq3,Walter,Lambeck,male,0481584672
PTUyWust1Bvwnp@gmail.com,j2xkrVLXnCS,Ashlyn,Cullars,female,0476620288
o6mNDIf@hotmail.com,UuyTy0O0tDEfb7l,Mina,Sadlier,female,0471625718
birCH1KiAhW0@qq.com,F8Cd2IrjpJ4Drvqy,Lanora,Bake,female,0467626241
lQbQ3CR@hotmail.com,zjE85eSejSnja,Aida,Alonzo,female,0408423455
qDaXPO@yahoo.com,yXw14pIk,Elenora,Cashio,female,0470699618
3Wf5G88MS8cMgqQ@163.com,xbkQ4S9XW6cq,Jeniffer,Wein,male,0411418659
R9ux@yahoo.com,WP0DM18VRKA,Alba,Sawransky,female,0418970791
ZiNKHKtXlUHNYi2@yahoo.com,hervxkZbYNFeqm,Teressa,Kassler,male,0448828295
GWb@yahoo.com,yOY0izv8bxBD3y,Twanna,Zuehlsdorff,male,0468812304
OE@gmail.com,ptMf0M2nIhl4IZ,Kiley,Mehringer,female,0499288096
zxxkMJ@gmail.com,yRMBtGIkKq,Evia,Antone,female,0499552355
VX3foqr@gmail.com,ylhk8xqTLcvb4YQs,Joya,Nitchman,female,0498616129
SE9@yahoo.com,lDEccoq9XK,Victor,Thorsen,female,0446401761
Wxj@163.com,LlYaU7FO,Ruthanne,Balsano,female,0415332751
ouzt3xg8xvE@yahoo.com,SUXnIAWNWQ,Denae,Vigario,male,0422309895
NI@163.com,0urvF3kzx,Terresa,Casperson,male,0405252195
u87n@163.com,TNr1lCp1,Fletcher,Hertel,female,0445099332
lunBZOgMyA3A2@163.com,RJ809g88IOeUrN,Kenisha,Lanzarotta,female,0413334196
FRz2gnJRvAxUeOP@qq.com,w3SxhRRccx4p,Fleta,Eerkes,female,0456893121
xVNEqhjFpEU@163.com,8BZPQ0y7SoCG,Francesca,Daykin,male,0440752263
1LCd5XXRL5f@qq.com,4dnud2EMHJ,Giovanna,Rajaniemi,male,0488471635
GlOrS@qq.com,2Z8j7zHu,Forrest,Posnick,female,0449954182
jO9vhnkgxmlGW@hotmail.com,AgDDHtpn,Veronica,Rana,female,0420407379
KHojy@qq.com,1QJ7Ct9yQUF,Yajaira,Trone,female,0400964162
QH7OrLIz2Hqq@qq.com,vN1xPikKd,Micheal,Thurgood,male,0478454714
5OQ1JW@hotmail.com,5cy5GfSTS,Eryn,Senethavilouk,male,0462640221
3jMCc9iyKjW@163.com,Jk6yKNNvXiyHek,Alyson,Tayloe,female,0415519659
An5WAxLlyO2@gmail.com,MH3qA4mwDQWfc,Efrain,Wierson,male,0425000882
bFR@yahoo.com,55svIQDrHXU,Ericka,Feder,male,0405744933
725G1BqiIf2meC@hotmail.com,UV5fafPtTyv1,Faustino,Sagel,male,0462505861
kJ4ip3FOBvV@hotmail.com,iiPX05nJs5Alkxf,Tressie,Bridgewater,male,0483180790
F3AW58Ge@qq.com,7UUwtRxs6Q8dDS,Jody,Colfer,female,0494430365
ii0GMrWGoi@qq.com,QPNN8JNtbBFvR0,Bernie,Strachan,male,0477708819
o4G5BhZBy3@hotmail.com,3Pk7QUdTeDKdM,Edyth,Schuele,male,0492609867
ejmbXwFb3X8Kr@163.com,1jDnI9vZtB,Rochell,Burnsed,male,0406965222
JT@163.com,PFN1m5KsnIPYn5G,Tessa,Carruth,male,0470176965
WWwfX2U9LUSA@gmail.com,ofZ3rx48Vxw,Elaine,Cosley,male,0482687191
qvmaFKggm91qEF@gmail.com,uColywiSKvSK,Yuriko,Bergh,female,0430604419
Tsv@gmail.com,6nsmgV4v5ir,Brady,Ketch,male,0437175092
12THxPHQO9@qq.com,0eVjvIZG15ZY0y,Nichole,Delvin,male,0485970504
VaAw8UjxnZ@hotmail.com,zRNAAdj7H,Terresa,Ruschmann,female,0441974290
DyQO1rR@163.com,3wRZSO7e28R53ibn,Jo,Pitstick,female,0416884002
YEI9cUnp@hotmail.com,6TcrR5YiA3W,My,Mumm,female,0421058506
KrJnwtKufW5s@hotmail.com,b0Uo2SRdmCH6h,Kelley,Plenty,male,0489680834
5PQCl@gmail.com,uADxIr21YVdBARX,Daina,Schmick,female,0411939057
R1CHqeDWk@yahoo.com,gkAhGnB0KZnYq6,Mandie,Sunn,female,0440548756
BrdZv1rr9@qq.com,kjZNutGgl,Elizbeth,Melish,male,0407349893
NCsx@qq.com,jiLj5GlinVCbP,Romelia,Satawa,male,0441303891
sTmyQJ8qBcsZSDZ@163.com,rlCMzC4N,Cira,Iveson,male,0441061027
UKX@163.com,KAIcziVULvwwS,Liza,Tomopoulos,female,0401575095
KcDT6CG4L@163.com,apFmhlNTm,Cinda,Behizadeh,female,0421849517
ym03DkPQUSHVz@qq.com,BkpmmO1uMwx,Hellen,Cacibauda,male,0476793822
QEokSMakhsbi@hotmail.com,e9XFceYVk9wQA7,Rhona,Barness,male,0451353532
jL@yahoo.com,cbqoNDrHahkqhsGN,Cyril,Lenhardt,male,0471512979
HvUw9xdfu8LsTSu@qq.com,nXA5bhz13NefsT,Inocencia,Lillo,male,0459743975
aclP@163.com,B5Y2EXKnWepc,Dudley,Kalbach,female,0432612354
Px2Rr@163.com,0v0dzKJ9,Aileen,Simkulet,female,0448095813
e3OW@qq.com,Q3OtnUvvuhEfl,Adella,Kshywonis,male,0424344317
mgEHh1WR6DRE5Mf@gmail.com,LqHxyv5bEIL,Kelsi,Iwamoto,male,0408400680
ymxX@163.com,c65YTd1fF9bsVZ,Jared,Eikleberry,female,0453751971
qGE5Uyv@gmail.com,XSxfLZIY3OQv,Belkis,Olverson,male,0443290581
1tYQg6ARrxk3y@yahoo.com,6zNkPzfoMNSeO4,Lachelle,Zabielski,male,0462793545
nUpKSk5P4Xrgg@qq.com,Z15CYxGv0,Carleen,Wackerly,female,0453015440
7o6o@gmail.com,LhqgDuej,Eura,Favorito,female,0448875594
J1nWFjGf@qq.com,kaMmuKYkTrO,Juliana,Harmsen,female,0423091400
T1YnGxacjXHj@gmail.com,GLmBQ5PnPHQB,Shalanda,Hero,female,0472772374
zcEBBWlI0orFFlM@163.com,OZTor4wTi,Mittie,Casbeer,female,0452772692
p6BxSTgaMUh@qq.com,pqCNwpnKkmQIP,Reta,Affolter,male,0473725546
9qDKDEYe3KGF@163.com,NtjUbB2m,Adolph,Tara,female,0406905714
root@gmail.com,root,Esmeralda,Miao,male,0495859069
