email,password,firstName,lastName,gender,phone
SPVW@hotmail.com,Ox8kKuiEyj21QEn9,Emerita,Waterston,male,0482575418
N0yvzkyQ1eX@yahoo.com,lNehLkCAyNOXHa,Edison,Storr,female,0460293013
i@163.com,CippdqepZAre,Noe,Kusuma,male,0457498234
0@yahoo.com,JCCboQdIqt5,Maryanne,Mcconville,female,0428817053
UhYK2eGjl@gmail.com,5R2xSeXwvl6QK,Timothy,Mckamie,male,0446151911
ZwjiyF7ScVZo@yahoo.com,8qQg46VUF1,Tiffani,Chasin,None,0470198606
v6@gmail.com,Zz9aYMI42lhQDZ,Johana,Scutt,female,0493472671
Xk3EtyWcyaOoY9L@yahoo.com,ZNjFmvfKQuUK,Oleta,Gruhn,male,0406810510
cx@hotmail.com,67KqmV3P,Glady,Carrothers,female,0404895027
NVagkJY@hotmail.com,sWX9B6zM24pfkG,Elisa,Willoughby,male,0498299022
2c08w@163.com,ylxKf1PafY,Kaycee,Coyle,female,0420663858
nEPP9TXtr1yFx@163.com,Qv4EZFiR5,Ernie,Chiaro,female,0436633592
nPbGeBdRi7V8lFh@163.com,CMHG72bLg,Evon,Collaer,None,0487855569
98@hotmail.com,Ya0KICIC3qKf,Dustin,Strysko,None,0482263171
WtANcM@hotmail.com,AoMi2FRp,Neomi,Pantoja,male,0470867153
NnOOc6@163.com,Wb3VQ5bhFi,Francis,Toppin,male,0460181960
d46nNJDU9HvO@yahoo.com,WinR4h4JX1a4M,Natalia,Berndsen,female,0440773894
vo@hotmail.com,UoKS0wdV,Cecille,Goston,male,0478140115
owr3Kp@gmail.com,jV1JzPFhMKU,Shaneka,Gebauer,female,0426646891
51KhADJyE@163.com,9HVq8i4puQWJ,Rosalie,Tanikella,None,0433766276
JX7N4sdMiBWHeuX@qq.com,iLG9JLHm,Lashanda,Forshay,male,0412002368
xnhaYdOAmg9lV@163.com,Q5S6I5l9v,Marquitta,Spratlen,female,0494333920
sYpjbLjpe@gmail.com,peM9I8tCgF1F,Joane,Tavis,female,0482645348
dD@gmail.com,l8FxtJJHBh,Natosha,Unverzagt,female,0481830327
wqZLQXAwUUug9A@qq.com,9EwCuuHbMXMxcRL1,Jewell,Agliam,female,0491014407
m@yahoo.com,YgmecwFMA,Tierra,Hogeland,male,0439673452
Rk0GARU8Ueeno@163.com,yXgaltCzh,Fabian,Barke,None,0454740425
syGvGOKi9@163.com,bdi2kHr6yFPhI,Dulcie,Mccamant,None,0407328129
JftoCfdyXOj0Oln@qq.com,62zSXwMItrDnH,Ammie,Talhelm,None,0488765888
KiktNumRNgYZyD@yahoo.com,djfiIyF8iPmJL7,Emilie,Shetrawski,female,0429221940
06u@163.com,4Oyuiu83NiW,Karlyn,Occhino,female,0461343349
foPb@163.com,tiFXGLnr1ciM,Stanton,Ono,male,0485094897
pY6jhQ@qq.com,QCvirIqLmemiRmd6,Teisha,Palys,male,0486895315
CJkZkFKc0QHH@hotmail.com,wVfxC2p4urgbCcx,Jin,Decarlo,male,0475585892
1lqo@gmail.com,Fhfqf9lCDk5rEo,Denis,Cosme,male,0481033775
Xy@hotmail.com,gAVKqDts0ubhkx8J,Robbie,Meraz,None,0496874618
csQWhI7@gmail.com,lG4UXH8mhy,Muoi,Ruppert,female,0444800160
fik5zRxP@yahoo.com,5LWbqG23v,Karleen,Napieralski,male,0477631336
Zujbx6J@yahoo.com,TE7Zw3LEoNz567a,Art,Eracleo,None,0464285722
GucBiWCOa8asWqU@gmail.com,sB6mSQHzh4AO,Jenae,Wakely,male,0485942230
Ouaj@qq.com,JxMe942dINY7e,Kareen,Coulombe,male,0459181189
XheqXw@hotmail.com,QbIkRvMTcZ,Dean,Morrin,female,0494152792
NgL51xIkX@gmail.com,v7CUsEeiEJ,Eugene,Barr,male,0462014968
YRpLsxaZhRd@gmail.com,BoAkSCf5R41iiiQr,Kamilah,Seivert,female,0465727766
dvG@yahoo.com,HgXdkXRgW,Annalee,Schatzman,female,0495305039
p@gmail.com,LYfzpoOW5zBsSKUZ,Lorraine,Bazinet,female,0429912685
c16Uqdz0U@163.com,uvaeBNoOk4af5,Eleonore,Nincehelsor,None,0436866857
mKxDySP6aXeyCEw@qq.com,n1fhwkBO71,Sherise,Burdis,male,0492332944
1ereqzW9dU@gmail.com,kaSaY0LV,Carroll,Delmuro,female,0438096372
DCfTVXI@yahoo.com,as8yoXvjn,Tamala,Hemans,male,0479647411
B7tQhuSHvvj@yahoo.com,6gjQjj2c,Bobbi,Shigemi,male,0439169427
clh@hotmail.com,bdEC2ignAGml,Mikaela,Sablea,female,0426604343
PuPoy@gmail.com,h5Sg93439KfyBh,Donette,Larry,female,0403721423
mRu@gmail.com,sgM1kIrIGU6RMXxf,Mabelle,Dolhun,female,0467785747
Ayf@hotmail.com,lPcflgDLTmd,Sabine,Hobden,None,0487402668
S5eNoKeN@qq.com,BDGfSZmR9pt97JZ,Fabiola,Annarumo,None,0417448533
xn3ZFu@163.com,NnmwXQqIX5kuM,Raymundo,Gaines,male,0419900195
tR7jnFYxmGS@yahoo.com,Xz2S1XkFTKb,Larisa,Avitia,male,0434016141
nQi0@yahoo.com,oW2cfRRvKjh7QA,Siu,Harsha,None,0454217293
W@gmail.com,JLCikstLREI9Xto,Luke,Wayman,male,0423446995
jGDRtOJlwggv@163.com,IeWhu2GwXs8W7v0,Asa,Dryer,female,0482931272
YVv7a2h@qq.com,2Zppohn0JE,Alanna,Pelini,None,0441622628
NMhMV@hotmail.com,r3EfbnNKJc0vao,Maddie,Tidrick,male,0454321042
i83c4nU9@hotmail.com,i9x0ciHe0L,Carita,Morsell,female,0488154753
g8Zthlc0zKDcMA2@gmail.com,EMiVKBbec0G1v,Alethia,Havir,female,0434650279
p0orNAHm5I@163.com,oJeiM7hYWqk2,Tyler,Save,male,0455085088
2bFjl@gmail.com,dLo7UHVZFzuwL7U,Edmond,Carriger,female,0483190582
T8CeIcrLO0vH@gmail.com,r5JOm4MuU5UMF8so,Caitlin,Linley,male,0490928692
e5wj@yahoo.com,1rDxEjKYo2Bn,Claribel,Forcello,female,0435089740
Y5I95@gmail.com,gU2GfcLsb40i,Karissa,Pavlik,male,0480505377
1jvSIwrAV64yq@gmail.com,7YR4h5axlgEOH,Elvira,Pawlicki,None,0429862472
cGALMjBiG@hotmail.com,IxEt4EaGbPITk2i,Wm,Redhead,male,0487099450
i1w9Z@gmail.com,Zmnxu4pBHWY0m2,Eleonor,Pegelow,female,0433260474
Bt9zZona2au@hotmail.com,kxMa2IBR,Patricia,Pauling,male,0407605880
NwFYhZBT2m@163.com,CqG9Qo3jOg4,Zackary,Job,None,0430336093
jhvSFG7S4BNW@yahoo.com,9tNoes9r1Lum,Lucius,Bingham,female,0460182606
0W0PZ@gmail.com,BVHrBRvw,Jung,Sherrick,male,0432997140
1hcSvigsSxQEY@qq.com,n8ncysU0jG,Carmen,Vandorien,None,0483330166
BWwieP4z63px@163.com,eFx6hpdlQhUr,Lavon,Nolette,male,0482789050
r8JoPOEvnY@qq.com,bkkbKChr4EaxIu9k,Arlinda,Ginoza,female,0447359290
Ej8Lo0fzr@gmail.com,I7uDDfn1WZW,Avril,Hendy,None,0406360396
a1qKAsQSZzTm@gmail.com,MfWxeHY5tBX7,Clayton,Herceg,male,0427151580
NpUAcXNwNn@163.com,7a67gdFosu1sB,Cody,Mccague,male,0472911777
JV0qdSPi@yahoo.com,rw9544xPZG,Israel,Ballagh,female,0449293993
93h0vSne@hotmail.com,MeRLfDCLqX,Lupe,Nuhn,None,0434091741
s1Xj@gmail.com,CFRzhjPAOg,Lottie,Cahn,female,0411795187
dSSBogcX5Hy2r62@gmail.com,x4kJ0ljAh3D7F8d,Margarete,Lautenschlage,None,0427154993
gac009@gmail.com,5niPXBu9,Collen,Aragao,female,0417156992
mdBXbqkZKv@gmail.com,wxvjcgHTA,Wayne,Delcarmen,male,0429322705
iCnF7eAMj@hotmail.com,ttyZaLhQcXBCL3nB,Norberto,Ortiz,female,0481314702
AoCQVWlfUX@163.com,PwwjSeLdr,Leisa,Milder,male,0446229408
ivAquup5g@hotmail.com,0gO9JHh1DkARE3A,Lilly,Opalicki,None,0419212902
QOiqW6LbDBF@gmail.com,EU6csV1hB81H7v1,Lashanda,Meginnis,None,0428494734
rBxn@hotmail.com,6NIZXjDS4o,Tova,Claus,None,0401696547
KRSJlXAwzGA3w@yahoo.com,vhHTCGNyzSJNY5,Carma,Chavarria,male,0473656372
XpRaxd@hotmail.com,exzBHxonaYJT6U4,Earline,Wylie,female,0427543304
EtKeNSvBAlX@163.com,WdVik4IViKj4nN,Annabelle,Portes,female,0414899950
NxnNYtbRxMReuUF@163.com,kgxPlBBsuEza,Noma,Womac,male,0428436102
sypTI5PXCr@gmail.com,3stiT9Qqzrsq9,Nia,Ozburn,None,0405710591
hIgW27e2@hotmail.com,QJkuUo91Itgphb,Magali,Gayton,male,0481070033
